,tconst,Wiki_ID,Freebase_ID,movie,country,gross
0,tt0085933,558578,/m/02pxst,"merry christmas, mr. lawrence",Domestic,"$2,306,560"
1,tt0108207,3200178,/m/08ytyd,splitting heirs,Domestic,"$3,246,063"
2,tt0093378,307080,/m/01snrk,la bamba,Original Release,Domestic
3,tt0093378,307080,/m/01snrk,la bamba,2022 Re-release,Australia
4,tt0093378,307080,/m/01snrk,la bamba,Domestic,"$54,215,416"
5,tt1728655,35959713,/m/0jwsnv_,magika,Malaysia,"$1,041,237"
6,tt1728655,35959713,/m/0jwsnv_,magika,Singapore,"$54,002"
7,tt0056172,43452,/m/0bx0l,lawrence of arabia,Original Release,Domestic
8,tt0056172,43452,/m/0bx0l,lawrence of arabia,1989 Re-release,Domestic
9,tt0056172,43452,/m/0bx0l,lawrence of arabia,2002 Re-release,Domestic
10,tt0056172,43452,/m/0bx0l,lawrence of arabia,2008 Re-release,Japan
11,tt0056172,43452,/m/0bx0l,lawrence of arabia,2011 Re-release,New Zealand
12,tt0056172,43452,/m/0bx0l,lawrence of arabia,2012 Re-release,United Kingdom
13,tt0056172,43452,/m/0bx0l,lawrence of arabia,2017 Re-release,United Kingdom
14,tt0056172,43452,/m/0bx0l,lawrence of arabia,2019 Re-release,Domestic
15,tt0056172,43452,/m/0bx0l,lawrence of arabia,Re-release,"APAC, EMEA"
16,tt0056172,43452,/m/0bx0l,lawrence of arabia,2022 Re-release,"APAC, EMEA"
17,tt0056172,43452,/m/0bx0l,lawrence of arabia,Domestic,"$45,306,425"
18,tt0056172,43452,/m/0bx0l,lawrence of arabia,Japan,"$260,531"
19,tt0056172,43452,/m/0bx0l,lawrence of arabia,New Zealand,"$17,127"
20,tt0056172,43452,/m/0bx0l,lawrence of arabia,Australia,"$1,838"
21,tt0056172,43452,/m/0bx0l,lawrence of arabia,United Kingdom,"$133,775"
22,tt0056172,43452,/m/0bx0l,lawrence of arabia,Portugal,$935
23,tt0093779,31153,/m/07nn0,the princess bride,Original Release,"Domestic, APAC"
24,tt0093779,31153,/m/07nn0,the princess bride,2009 Re-release,France
25,tt0093779,31153,/m/07nn0,the princess bride,2019 Re-release,"EMEA, APAC"
26,tt0093779,31153,/m/07nn0,the princess bride,2017 Re-release,United Kingdom
27,tt0093779,31153,/m/07nn0,the princess bride,2020 Re-release,APAC
28,tt0093779,31153,/m/07nn0,the princess bride,2022 Re-release,Australia
29,tt0093779,31153,/m/07nn0,the princess bride,2023 Re-release,Australia
30,tt0093779,31153,/m/07nn0,the princess bride,Domestic,"$30,857,814"
31,tt0093779,31153,/m/07nn0,the princess bride,Australia,"$23,926"
32,tt0093779,31153,/m/07nn0,the princess bride,New Zealand,"$1,787"
33,tt0093779,31153,/m/07nn0,the princess bride,Spain,"$14,376"
34,tt0093779,31153,/m/07nn0,the princess bride,France,"$3,478"
35,tt0093779,31153,/m/07nn0,the princess bride,United Kingdom,"$1,488"
36,tt0084259,12786251,/m/02x4wcz,a little sex,Domestic,"$2,370,376"
37,tt0118750,1291727,/m/04qkcl,booty call,Domestic,"$20,050,376"
38,tt0456144,5747495,/m/0f2jhv,lage raho munna bhai,Domestic,"$2,217,562"
39,tt0456144,5747495,/m/0f2jhv,lage raho munna bhai,United Kingdom,"$1,522,624"
40,tt0456144,5747495,/m/0f2jhv,lage raho munna bhai,Egypt,$97
41,tt0456144,5747495,/m/0f2jhv,lage raho munna bhai,India,"$14,100,000"
42,tt0456144,5747495,/m/0f2jhv,lage raho munna bhai,Australia,"$57,244"
43,tt0316078,7903143,/m/026jd_k,kadhalukku mariyadhai,Malaysia,"$24,849"
44,tt0084787,30809,/m/07k_8,the thing,Original Release,"EMEA, Domestic"
45,tt0084787,30809,/m/07k_8,the thing,2020 Re-release,"APAC, EMEA"
46,tt0084787,30809,/m/07k_8,the thing,2022 Re-release,APAC
47,tt0084787,30809,/m/07k_8,the thing,Domestic,"$19,629,760"
48,tt0084787,30809,/m/07k_8,the thing,New Zealand,"$1,422"
49,tt0084787,30809,/m/07k_8,the thing,Australia,"$1,050"
50,tt0084787,30809,/m/07k_8,the thing,Iceland,"$1,243"
51,tt0084787,30809,/m/07k_8,the thing,Portugal,"$1,166"
52,tt1680110,30537664,/m/0g9xj8k,qualunquemente,Italy,"$22,862,029"
53,tt0346491,1138675,/m/049mql,alexander,Domestic,"$34,297,191"
54,tt0346491,1138675,/m/049mql,alexander,Spain,"$14,916,339"
55,tt0346491,1138675,/m/049mql,alexander,Italy,"$10,831,258"
56,tt0346491,1138675,/m/049mql,alexander,Germany,"$10,116,773"
57,tt0346491,1138675,/m/049mql,alexander,France,"$9,141,888"
58,tt0346491,1138675,/m/049mql,alexander,United Kingdom,"$5,101,579"
59,tt0346491,1138675,/m/049mql,alexander,Greece,"$3,662,550"
60,tt0346491,1138675,/m/049mql,alexander,Poland,"$3,066,332"
61,tt0346491,1138675,/m/049mql,alexander,Türkiye,"$1,962,428"
62,tt0346491,1138675,/m/049mql,alexander,Netherlands,"$1,937,407"
63,tt0346491,1138675,/m/049mql,alexander,Belgium,"$1,852,258"
64,tt0346491,1138675,/m/049mql,alexander,Austria,"$1,711,023"
65,tt0346491,1138675,/m/049mql,alexander,Sweden,"$1,652,313"
66,tt0346491,1138675,/m/049mql,alexander,Denmark,"$1,627,736"
67,tt0346491,1138675,/m/049mql,alexander,Norway,"$1,235,198"
68,tt0346491,1138675,/m/049mql,alexander,Switzerland,"$1,012,566"
69,tt0346491,1138675,/m/049mql,alexander,Hungary,"$945,539"
70,tt0346491,1138675,/m/049mql,alexander,Portugal,"$895,730"
71,tt0346491,1138675,/m/049mql,alexander,Czech Republic,"$846,258"
72,tt0346491,1138675,/m/049mql,alexander,Finland,"$779,420"
73,tt0346491,1138675,/m/049mql,alexander,United Arab Emirates,"$733,480"
74,tt0346491,1138675,/m/049mql,alexander,Croatia,"$417,014"
75,tt0346491,1138675,/m/049mql,alexander,Romania,"$262,964"
76,tt0346491,1138675,/m/049mql,alexander,Slovakia,"$252,568"
77,tt0346491,1138675,/m/049mql,alexander,Serbia and Montenegro,"$251,222"
78,tt0346491,1138675,/m/049mql,alexander,Bulgaria,"$232,933"
79,tt0346491,1138675,/m/049mql,alexander,Lithuania,"$231,807"
80,tt0346491,1138675,/m/049mql,alexander,Lebanon,"$229,337"
81,tt0346491,1138675,/m/049mql,alexander,Egypt,"$145,766"
82,tt0346491,1138675,/m/049mql,alexander,Iceland,"$97,064"
83,tt0346491,1138675,/m/049mql,alexander,Slovenia,"$78,245"
84,tt0346491,1138675,/m/049mql,alexander,Israel,"$73,270"
85,tt0346491,1138675,/m/049mql,alexander,Latvia,"$41,368"
86,tt0346491,1138675,/m/049mql,alexander,Mexico,"$5,520,552"
87,tt0346491,1138675,/m/049mql,alexander,Brazil,"$3,870,556"
88,tt0346491,1138675,/m/049mql,alexander,Argentina,"$928,998"
89,tt0346491,1138675,/m/049mql,alexander,Chile,"$478,073"
90,tt0346491,1138675,/m/049mql,alexander,Venezuela,"$405,899"
91,tt0346491,1138675,/m/049mql,alexander,Colombia,"$249,000"
92,tt0346491,1138675,/m/049mql,alexander,Peru,"$141,000"
93,tt0346491,1138675,/m/049mql,alexander,Uruguay,"$106,452"
94,tt0346491,1138675,/m/049mql,alexander,Central America,"$70,108"
95,tt0346491,1138675,/m/049mql,alexander,Japan,"$11,003,000"
96,tt0346491,1138675,/m/049mql,alexander,South Korea,"$9,149,343"
97,tt0346491,1138675,/m/049mql,alexander,Russia/CIS,"$7,963,977"
98,tt0346491,1138675,/m/049mql,alexander,Australia,"$3,260,056"
99,tt0346491,1138675,/m/049mql,alexander,Taiwan,"$1,800,000"
100,tt0346491,1138675,/m/049mql,alexander,Philippines,"$1,200,000"
101,tt0346491,1138675,/m/049mql,alexander,Thailand,"$842,700"
102,tt0346491,1138675,/m/049mql,alexander,Hong Kong,"$574,302"
103,tt0346491,1138675,/m/049mql,alexander,New Zealand,"$539,352"
104,tt0346491,1138675,/m/049mql,alexander,Singapore,"$191,327"
105,tt0346491,1138675,/m/049mql,alexander,Malaysia,"$127,800"
106,tt0112384,142417,/m/011yd2,apollo 13,Original Release,"EMEA, Domestic"
107,tt0112384,142417,/m/011yd2,apollo 13,The IMAX Experience,Domestic
108,tt0112384,142417,/m/011yd2,apollo 13,25th Anniversary,"APAC, Domestic"
109,tt0112384,142417,/m/011yd2,apollo 13,Domestic,"$173,837,933"
110,tt0112384,142417,/m/011yd2,apollo 13,Germany,"$21,553,525"
111,tt0112384,142417,/m/011yd2,apollo 13,France,"$14,878,689"
112,tt0112384,142417,/m/011yd2,apollo 13,Italy,"$8,561,572"
113,tt0112384,142417,/m/011yd2,apollo 13,Spain,"$6,772,313"
114,tt0112384,142417,/m/011yd2,apollo 13,Australia,$403
115,tt1396219,23984040,/m/076x56x,outcast,United Kingdom,$179
116,tt2215366,35270323,/m/0h972y0,from beneath,Domestic,"$144,123"
117,tt0829118,6926036,/m/0gxby8,buddha's lost children,Original Release,Netherlands
118,tt0829118,6926036,/m/0gxby8,buddha's lost children,2007 Re-release,Australia
119,tt0829118,6926036,/m/0gxby8,buddha's lost children,Netherlands,"$114,355"
120,tt0829118,6926036,/m/0gxby8,buddha's lost children,Australia,"$2,277"
121,tt0100318,1695109,/m/05p0r3,pacific heights,Domestic,"$29,381,956"
122,tt1887935,34470730,/m/0h34t39,ustanicka ulica,Serbia and Montenegro,"$136,541"
123,tt0097027,226682,/m/01h1cp,casualties of war,Domestic,"$18,671,317"
124,tt0092944,1693768,/m/05nycn,eat the rich,Domestic,"$200,723"
125,tt0192255,4405649,/m/0c0jgy,the little vampire,Domestic,"$13,572,400"
126,tt0192255,4405649,/m/0c0jgy,the little vampire,Italy,"$187,645"
127,tt0192255,4405649,/m/0c0jgy,the little vampire,Iceland,"$33,420"
128,tt0192255,4405649,/m/0c0jgy,the little vampire,United Kingdom,"$4,794"
129,tt0192255,4405649,/m/0c0jgy,the little vampire,Australia,"$204,822"
130,tt0112431,142421,/m/011ydl,babe,Original Release,Domestic
131,tt0112431,142421,/m/011ydl,babe,2020 Re-release,Australia
132,tt0112431,142421,/m/011ydl,babe,Domestic,"$63,658,910"
133,tt0112431,142421,/m/011ydl,babe,Germany,"$34,174,409"
134,tt0112431,142421,/m/011ydl,babe,United Kingdom,"$30,622,667"
135,tt0112431,142421,/m/011ydl,babe,France,"$9,834,144"
136,tt0112431,142421,/m/011ydl,babe,Spain,"$4,556,452"
137,tt0112431,142421,/m/011ydl,babe,Australia,"$27,017,813"
138,tt1093370,9803762,/m/02psq3w,jab we met,United Kingdom,"$857,194"
139,tt1093370,9803762,/m/02psq3w,jab we met,Nigeria,"$4,975"
140,tt1093370,9803762,/m/02psq3w,jab we met,India,"$9,088,584"
141,tt1093370,9803762,/m/02psq3w,jab we met,Australia,"$52,437"
142,tt0065462,152058,/m/013szf,beneath the planet of the apes,Domestic,"$18,999,718"
143,tt1087842,21411112,/m/05f9xd6,eden log,France,"$157,350"
144,tt0306432,12153345,/m/02vrjq1,a mi madre le gustan las mujeres,Original Release,EMEA
145,tt0306432,12153345,/m/02vrjq1,a mi madre le gustan las mujeres,2004 Re-release,"EMEA, Domestic"
146,tt0306432,12153345,/m/02vrjq1,a mi madre le gustan las mujeres,2005 Re-release,Bulgaria
147,tt0306432,12153345,/m/02vrjq1,a mi madre le gustan las mujeres,Spain,"$1,605,665"
148,tt0306432,12153345,/m/02vrjq1,a mi madre le gustan las mujeres,Italy,"$718,132"
149,tt0306432,12153345,/m/02vrjq1,a mi madre le gustan las mujeres,France,"$37,840"
150,tt0306432,12153345,/m/02vrjq1,a mi madre le gustan las mujeres,Bulgaria,"$2,517"
151,tt0306432,12153345,/m/02vrjq1,a mi madre le gustan las mujeres,Domestic,"$82,916"
152,tt0280760,1357504,/m/04wfsb,igby goes down,Domestic,"$4,777,465"
153,tt0280760,1357504,/m/04wfsb,igby goes down,United Kingdom,"$689,239"
154,tt0280760,1357504,/m/04wfsb,igby goes down,Germany,"$499,733"
155,tt0280760,1357504,/m/04wfsb,igby goes down,France,"$96,396"
156,tt0280760,1357504,/m/04wfsb,igby goes down,Austria,"$81,000"
157,tt0280760,1357504,/m/04wfsb,igby goes down,Netherlands,"$14,158"
158,tt0280760,1357504,/m/04wfsb,igby goes down,Australia,"$361,980"
159,tt0280760,1357504,/m/04wfsb,igby goes down,New Zealand,"$22,667"
160,tt0220099,94028,/m/0n9qk,the tigger movie,Domestic,"$45,554,533"
161,tt0457419,4443534,/m/0c2pz3,mr. magorium's wonder emporium,Domestic,"$32,061,555"
162,tt0457419,4443534,/m/0c2pz3,mr. magorium's wonder emporium,United Kingdom,"$4,507,478"
163,tt0457419,4443534,/m/0c2pz3,mr. magorium's wonder emporium,Italy,"$2,466,591"
164,tt0457419,4443534,/m/0c2pz3,mr. magorium's wonder emporium,Spain,"$2,371,539"
165,tt0457419,4443534,/m/0c2pz3,mr. magorium's wonder emporium,Germany,"$1,246,585"
166,tt0457419,4443534,/m/0c2pz3,mr. magorium's wonder emporium,France,"$1,050,401"
167,tt0457419,4443534,/m/0c2pz3,mr. magorium's wonder emporium,Türkiye,"$873,556"
168,tt0457419,4443534,/m/0c2pz3,mr. magorium's wonder emporium,Netherlands,"$764,466"
169,tt0457419,4443534,/m/0c2pz3,mr. magorium's wonder emporium,Denmark,"$512,477"
170,tt0457419,4443534,/m/0c2pz3,mr. magorium's wonder emporium,Sweden,"$500,884"
171,tt0457419,4443534,/m/0c2pz3,mr. magorium's wonder emporium,Norway,"$381,143"
172,tt0457419,4443534,/m/0c2pz3,mr. magorium's wonder emporium,Belgium,"$350,117"
173,tt0457419,4443534,/m/0c2pz3,mr. magorium's wonder emporium,Ukraine,"$317,461"
174,tt0457419,4443534,/m/0c2pz3,mr. magorium's wonder emporium,South Africa,"$192,298"
175,tt0457419,4443534,/m/0c2pz3,mr. magorium's wonder emporium,Poland,"$168,066"
176,tt0457419,4443534,/m/0c2pz3,mr. magorium's wonder emporium,Czech Republic,"$158,795"
177,tt0457419,4443534,/m/0c2pz3,mr. magorium's wonder emporium,Switzerland,"$147,336"
178,tt0457419,4443534,/m/0c2pz3,mr. magorium's wonder emporium,Finland,"$134,560"
179,tt0457419,4443534,/m/0c2pz3,mr. magorium's wonder emporium,United Arab Emirates,"$124,274"
180,tt0457419,4443534,/m/0c2pz3,mr. magorium's wonder emporium,Austria,"$119,696"
181,tt0457419,4443534,/m/0c2pz3,mr. magorium's wonder emporium,Greece,"$102,406"
182,tt0457419,4443534,/m/0c2pz3,mr. magorium's wonder emporium,Portugal,"$92,125"
183,tt0457419,4443534,/m/0c2pz3,mr. magorium's wonder emporium,Romania,"$37,354"
184,tt0457419,4443534,/m/0c2pz3,mr. magorium's wonder emporium,Latvia,"$28,951"
185,tt0457419,4443534,/m/0c2pz3,mr. magorium's wonder emporium,Slovakia,"$25,779"
186,tt0457419,4443534,/m/0c2pz3,mr. magorium's wonder emporium,Iceland,"$17,354"
187,tt0457419,4443534,/m/0c2pz3,mr. magorium's wonder emporium,Lithuania,"$16,284"
188,tt0457419,4443534,/m/0c2pz3,mr. magorium's wonder emporium,East Africa,"$14,288"
189,tt0457419,4443534,/m/0c2pz3,mr. magorium's wonder emporium,Lebanon,"$9,818"
190,tt0457419,4443534,/m/0c2pz3,mr. magorium's wonder emporium,Nigeria,"$5,016"
191,tt0457419,4443534,/m/0c2pz3,mr. magorium's wonder emporium,Brazil,"$2,836,083"
192,tt0457419,4443534,/m/0c2pz3,mr. magorium's wonder emporium,Mexico,"$1,285,173"
193,tt0457419,4443534,/m/0c2pz3,mr. magorium's wonder emporium,Puerto Rico,"$203,878"
194,tt0457419,4443534,/m/0c2pz3,mr. magorium's wonder emporium,Australia,"$5,252,504"
195,tt0457419,4443534,/m/0c2pz3,mr. magorium's wonder emporium,South Korea,"$4,067,103"
196,tt0457419,4443534,/m/0c2pz3,mr. magorium's wonder emporium,Japan,"$3,230,383"
197,tt0457419,4443534,/m/0c2pz3,mr. magorium's wonder emporium,Russia/CIS,"$1,699,698"
198,tt0457419,4443534,/m/0c2pz3,mr. magorium's wonder emporium,New Zealand,"$431,211"
199,tt0457419,4443534,/m/0c2pz3,mr. magorium's wonder emporium,Singapore,"$302,923"
200,tt0457419,4443534,/m/0c2pz3,mr. magorium's wonder emporium,Malaysia,"$233,350"
201,tt0457419,4443534,/m/0c2pz3,mr. magorium's wonder emporium,Hong Kong,"$198,140"
202,tt0457419,4443534,/m/0c2pz3,mr. magorium's wonder emporium,Taiwan,"$195,077"
203,tt0457419,4443534,/m/0c2pz3,mr. magorium's wonder emporium,Thailand,"$154,174"
204,tt0457419,4443534,/m/0c2pz3,mr. magorium's wonder emporium,Philippines,"$93,591"
205,tt1029172,11220590,/m/02r41t4,the war on democracy,United Kingdom,"$107,459"
206,tt1029172,11220590,/m/02r41t4,the war on democracy,Australia,"$175,373"
207,tt1029172,11220590,/m/02r41t4,the war on democracy,New Zealand,"$38,103"
208,tt0167260,174251,/m/017jd9,the lord of the rings: the return of the king,Original Release,67 markets
209,tt0167260,174251,/m/017jd9,the lord of the rings: the return of the king,2005 Re-release,Japan
210,tt0167260,174251,/m/017jd9,the lord of the rings: the return of the king,2011 Re-release,Domestic
211,tt0167260,174251,/m/017jd9,the lord of the rings: the return of the king,2017 Re-release,South Korea
212,tt0167260,174251,/m/017jd9,the lord of the rings: the return of the king,2020 Re-release,"EMEA, APAC"
213,tt0167260,174251,/m/017jd9,the lord of the rings: the return of the king,2021 Re-release,9 markets
214,tt0167260,174251,/m/017jd9,the lord of the rings: the return of the king,2023 Re-release (20th Anniversary),5 markets
215,tt0167260,174251,/m/017jd9,the lord of the rings: the return of the king,Domestic,"$379,427,292"
216,tt0167260,174251,/m/017jd9,the lord of the rings: the return of the king,United Kingdom,"$106,689,784"
217,tt0167260,174251,/m/017jd9,the lord of the rings: the return of the king,Germany,"$87,207,000"
218,tt0167260,174251,/m/017jd9,the lord of the rings: the return of the king,France,"$48,409,847"
219,tt0167260,174251,/m/017jd9,the lord of the rings: the return of the king,Spain,"$39,834,538"
220,tt0167260,174251,/m/017jd9,the lord of the rings: the return of the king,Italy,"$35,837,796"
221,tt0167260,174251,/m/017jd9,the lord of the rings: the return of the king,Sweden,"$24,123,767"
222,tt0167260,174251,/m/017jd9,the lord of the rings: the return of the king,Norway,"$20,048,532"
223,tt0167260,174251,/m/017jd9,the lord of the rings: the return of the king,Netherlands,"$19,623,994"
224,tt0167260,174251,/m/017jd9,the lord of the rings: the return of the king,Denmark,"$16,188,249"
225,tt0167260,174251,/m/017jd9,the lord of the rings: the return of the king,Russia,"$12,122,431"
226,tt0167260,174251,/m/017jd9,the lord of the rings: the return of the king,Switzerland,"$10,991,061"
227,tt0167260,174251,/m/017jd9,the lord of the rings: the return of the king,Belgium,"$9,902,589"
228,tt0167260,174251,/m/017jd9,the lord of the rings: the return of the king,Austria,"$9,867,822"
229,tt0167260,174251,/m/017jd9,the lord of the rings: the return of the king,Greece,"$8,037,200"
230,tt0167260,174251,/m/017jd9,the lord of the rings: the return of the king,Poland,"$7,968,195"
231,tt0167260,174251,/m/017jd9,the lord of the rings: the return of the king,Finland,"$7,096,209"
232,tt0167260,174251,/m/017jd9,the lord of the rings: the return of the king,Türkiye,"$5,607,738"
233,tt0167260,174251,/m/017jd9,the lord of the rings: the return of the king,Portugal,"$4,702,013"
234,tt0167260,174251,/m/017jd9,the lord of the rings: the return of the king,South Africa,"$3,840,418"
235,tt0167260,174251,/m/017jd9,the lord of the rings: the return of the king,Czech Republic,"$3,694,173"
236,tt0167260,174251,/m/017jd9,the lord of the rings: the return of the king,Czech Republic/Slovakia,"$3,575,890"
237,tt0167260,174251,/m/017jd9,the lord of the rings: the return of the king,Hungary,"$2,943,624"
238,tt0167260,174251,/m/017jd9,the lord of the rings: the return of the king,Israel,"$2,890,082"
239,tt0167260,174251,/m/017jd9,the lord of the rings: the return of the king,Palestine,"$2,197,356"
240,tt0167260,174251,/m/017jd9,the lord of the rings: the return of the king,Ukraine,"$1,623,212"
241,tt0167260,174251,/m/017jd9,the lord of the rings: the return of the king,Lebanon/United Arab Emirates,"$1,533,229"
242,tt0167260,174251,/m/017jd9,the lord of the rings: the return of the king,Croatia,"$1,245,950"
243,tt0167260,174251,/m/017jd9,the lord of the rings: the return of the king,Iceland,"$1,006,014"
244,tt0167260,174251,/m/017jd9,the lord of the rings: the return of the king,Baltic States,"$937,415"
245,tt0167260,174251,/m/017jd9,the lord of the rings: the return of the king,Serbia and Montenegro,"$680,354"
246,tt0167260,174251,/m/017jd9,the lord of the rings: the return of the king,Slovenia,"$620,872"
247,tt0167260,174251,/m/017jd9,the lord of the rings: the return of the king,Bulgaria,"$609,501"
248,tt0167260,174251,/m/017jd9,the lord of the rings: the return of the king,Slovakia,"$532,439"
249,tt0167260,174251,/m/017jd9,the lord of the rings: the return of the king,Romania,"$414,102"
250,tt0167260,174251,/m/017jd9,the lord of the rings: the return of the king,Estonia,"$402,859"
251,tt0167260,174251,/m/017jd9,the lord of the rings: the return of the king,Lithuania,"$275,877"
252,tt0167260,174251,/m/017jd9,the lord of the rings: the return of the king,Latvia,"$258,679"
253,tt0167260,174251,/m/017jd9,the lord of the rings: the return of the king,Egypt,"$219,683"
254,tt0167260,174251,/m/017jd9,the lord of the rings: the return of the king,Lebanon,"$150,000"
255,tt0167260,174251,/m/017jd9,the lord of the rings: the return of the king,United Arab Emirates,"$19,728"
256,tt0167260,174251,/m/017jd9,the lord of the rings: the return of the king,Japan,"$95,377,501"
257,tt0167260,174251,/m/017jd9,the lord of the rings: the return of the king,Australia,"$36,645,596"
258,tt0167260,174251,/m/017jd9,the lord of the rings: the return of the king,South Korea,"$28,770,329"
259,tt0167260,174251,/m/017jd9,the lord of the rings: the return of the king,Russia/CIS,"$14,080,000"
260,tt0167260,174251,/m/017jd9,the lord of the rings: the return of the king,Taiwan,"$11,756,953"
261,tt0167260,174251,/m/017jd9,the lord of the rings: the return of the king,New Zealand,"$9,017,989"
262,tt0167260,174251,/m/017jd9,the lord of the rings: the return of the king,Hong Kong,"$4,983,077"
263,tt0167260,174251,/m/017jd9,the lord of the rings: the return of the king,Thailand,"$4,630,752"
264,tt0167260,174251,/m/017jd9,the lord of the rings: the return of the king,Singapore,"$3,143,349"
265,tt0167260,174251,/m/017jd9,the lord of the rings: the return of the king,Malaysia,"$1,903,364"
266,tt0167260,174251,/m/017jd9,the lord of the rings: the return of the king,Philippines,"$1,605,882"
267,tt0167260,174251,/m/017jd9,the lord of the rings: the return of the king,Indonesia,"$1,323,144"
268,tt0167260,174251,/m/017jd9,the lord of the rings: the return of the king,India,"$944,651"
269,tt0167260,174251,/m/017jd9,the lord of the rings: the return of the king,Mexico,"$15,685,944"
270,tt0167260,174251,/m/017jd9,the lord of the rings: the return of the king,Brazil,"$9,902,206"
271,tt0167260,174251,/m/017jd9,the lord of the rings: the return of the king,Argentina,"$4,698,147"
272,tt0167260,174251,/m/017jd9,the lord of the rings: the return of the king,Chile,"$3,113,642"
273,tt0167260,174251,/m/017jd9,the lord of the rings: the return of the king,Colombia,"$2,592,113"
274,tt0167260,174251,/m/017jd9,the lord of the rings: the return of the king,Central America+,"$2,289,571"
275,tt0167260,174251,/m/017jd9,the lord of the rings: the return of the king,Puerto Rico,"$1,871,308"
276,tt0167260,174251,/m/017jd9,the lord of the rings: the return of the king,Peru,"$1,390,557"
277,tt0167260,174251,/m/017jd9,the lord of the rings: the return of the king,Venezuela,"$1,196,154"
278,tt0167260,174251,/m/017jd9,the lord of the rings: the return of the king,Ecuador,"$643,687"
279,tt0167260,174251,/m/017jd9,the lord of the rings: the return of the king,West Indies,"$540,013"
280,tt0167260,174251,/m/017jd9,the lord of the rings: the return of the king,Bolivia,"$291,146"
281,tt0167260,174251,/m/017jd9,the lord of the rings: the return of the king,Uruguay,"$288,591"
282,tt0167260,174251,/m/017jd9,the lord of the rings: the return of the king,China,"$13,827,541"
283,tt0100758,2323962,/m/073v9d,teenage mutant ninja turtles,Original Release,"APAC, Domestic"
284,tt0100758,2323962,/m/073v9d,teenage mutant ninja turtles,2021 Re-release,"APAC, Domestic"
285,tt0100758,2323962,/m/073v9d,teenage mutant ninja turtles,Domestic,"$135,384,756"
286,tt0100758,2323962,/m/073v9d,teenage mutant ninja turtles,Australia,"$1,432"
287,tt0093780,5637772,/m/0dxlpk,the principal,Domestic,"$19,734,940"
288,tt6448760,13180192,/m/02zbfx3,tholaipesi,Malaysia,$849
289,tt0118548,3123893,/m/08sz9r,absolute power,Domestic,"$50,068,310"
290,tt0079219,5082822,/m/0d1yd3,going in style,Domestic,"$26,869,286"
291,tt0105577,18162993,/m/04csv2m,this is my life,Domestic,"$2,922,094"
292,tt0134033,4025067,/m/0bd3g7,plunkett & macleane,Domestic,"$474,900"
293,tt1034303,15349469,/m/03m5vzd,defiance,Domestic,"$28,644,813"
294,tt1034303,15349469,/m/03m5vzd,defiance,United Kingdom,"$5,584,810"
295,tt1034303,15349469,/m/03m5vzd,defiance,Spain,"$3,260,190"
296,tt1034303,15349469,/m/03m5vzd,defiance,France,"$2,265,303"
297,tt1034303,15349469,/m/03m5vzd,defiance,Italy,"$1,224,839"
298,tt1034303,15349469,/m/03m5vzd,defiance,Germany,"$860,153"
299,tt1034303,15349469,/m/03m5vzd,defiance,Netherlands,"$520,262"
300,tt1034303,15349469,/m/03m5vzd,defiance,United Arab Emirates,"$319,122"
301,tt1034303,15349469,/m/03m5vzd,defiance,Belgium,"$265,967"
302,tt1034303,15349469,/m/03m5vzd,defiance,Portugal,"$173,237"
303,tt1034303,15349469,/m/03m5vzd,defiance,Austria,"$96,119"
304,tt1034303,15349469,/m/03m5vzd,defiance,Poland,"$94,251"
305,tt1034303,15349469,/m/03m5vzd,defiance,South Africa,"$79,475"
306,tt1034303,15349469,/m/03m5vzd,defiance,Switzerland,"$61,600"
307,tt1034303,15349469,/m/03m5vzd,defiance,Greece,"$61,320"
308,tt1034303,15349469,/m/03m5vzd,defiance,Norway,"$57,377"
309,tt1034303,15349469,/m/03m5vzd,defiance,Sweden,"$46,045"
310,tt1034303,15349469,/m/03m5vzd,defiance,Czech Republic,"$41,903"
311,tt1034303,15349469,/m/03m5vzd,defiance,Finland,"$38,321"
312,tt1034303,15349469,/m/03m5vzd,defiance,Lebanon,"$31,748"
313,tt1034303,15349469,/m/03m5vzd,defiance,Lithuania,"$28,969"
314,tt1034303,15349469,/m/03m5vzd,defiance,Iceland,"$25,543"
315,tt1034303,15349469,/m/03m5vzd,defiance,Croatia,"$24,840"
316,tt1034303,15349469,/m/03m5vzd,defiance,Estonia,"$15,636"
317,tt1034303,15349469,/m/03m5vzd,defiance,Latvia,"$10,261"
318,tt1034303,15349469,/m/03m5vzd,defiance,Bulgaria,"$7,405"
319,tt1034303,15349469,/m/03m5vzd,defiance,Mexico,"$1,253,622"
320,tt1034303,15349469,/m/03m5vzd,defiance,Brazil,"$321,534"
321,tt1034303,15349469,/m/03m5vzd,defiance,Argentina,"$120,141"
322,tt1034303,15349469,/m/03m5vzd,defiance,Bolivia,"$110,242"
323,tt1034303,15349469,/m/03m5vzd,defiance,Colombia,"$82,792"
324,tt1034303,15349469,/m/03m5vzd,defiance,Puerto Rico,"$65,776"
325,tt1034303,15349469,/m/03m5vzd,defiance,Peru,"$28,583"
326,tt1034303,15349469,/m/03m5vzd,defiance,Uruguay,"$6,678"
327,tt1034303,15349469,/m/03m5vzd,defiance,Australia,"$2,934,207"
328,tt1034303,15349469,/m/03m5vzd,defiance,South Korea,"$1,108,965"
329,tt1034303,15349469,/m/03m5vzd,defiance,Japan,"$497,600"
330,tt1034303,15349469,/m/03m5vzd,defiance,New Zealand,"$416,049"
331,tt1034303,15349469,/m/03m5vzd,defiance,Singapore,"$138,258"
332,tt1034303,15349469,/m/03m5vzd,defiance,Thailand,"$132,060"
333,tt1034303,15349469,/m/03m5vzd,defiance,Taiwan,"$110,349"
334,tt1034303,15349469,/m/03m5vzd,defiance,Hong Kong,"$96,386"
335,tt0367097,2752058,/m/080s26,straight-jacket,Domestic,"$45,497"
336,tt0268695,3759215,/m/09zf_q,the time machine,Domestic,"$56,832,494"
337,tt0268695,3759215,/m/09zf_q,the time machine,United Kingdom,"$5,681,962"
338,tt0268695,3759215,/m/09zf_q,the time machine,Spain,"$5,354,908"
339,tt0268695,3759215,/m/09zf_q,the time machine,Germany,"$2,812,775"
340,tt0268695,3759215,/m/09zf_q,the time machine,Italy,"$2,706,102"
341,tt0268695,3759215,/m/09zf_q,the time machine,France,"$2,117,341"
342,tt0268695,3759215,/m/09zf_q,the time machine,Netherlands,"$799,477"
343,tt0268695,3759215,/m/09zf_q,the time machine,Türkiye,"$371,302"
344,tt0268695,3759215,/m/09zf_q,the time machine,Austria,"$276,583"
345,tt0268695,3759215,/m/09zf_q,the time machine,South Africa,"$180,538"
346,tt0268695,3759215,/m/09zf_q,the time machine,Hungary,"$113,353"
347,tt0268695,3759215,/m/09zf_q,the time machine,Bulgaria,"$42,251"
348,tt0268695,3759215,/m/09zf_q,the time machine,Mexico,"$5,183,137"
349,tt0268695,3759215,/m/09zf_q,the time machine,Brazil,"$1,558,127"
350,tt0268695,3759215,/m/09zf_q,the time machine,Argentina,"$155,381"
351,tt0268695,3759215,/m/09zf_q,the time machine,Japan,"$9,994,922"
352,tt0268695,3759215,/m/09zf_q,the time machine,South Korea,"$2,388,855"
353,tt0268695,3759215,/m/09zf_q,the time machine,Australia,"$2,309,635"
354,tt0268695,3759215,/m/09zf_q,the time machine,Taiwan,"$571,502"
355,tt0268695,3759215,/m/09zf_q,the time machine,New Zealand,"$351,034"
356,tt1658837,31458474,/m/0gkxx_0,the tall man,France,"$4,532,359"
357,tt1658837,31458474,/m/0gkxx_0,the tall man,Spain,"$1,116,349"
358,tt1658837,31458474,/m/0gkxx_0,the tall man,Belgium,"$563,330"
359,tt1658837,31458474,/m/0gkxx_0,the tall man,Italy,"$541,122"
360,tt1658837,31458474,/m/0gkxx_0,the tall man,Türkiye,"$373,302"
361,tt1658837,31458474,/m/0gkxx_0,the tall man,United Arab Emirates,"$128,832"
362,tt1658837,31458474,/m/0gkxx_0,the tall man,Portugal,"$2,595"
363,tt1658837,31458474,/m/0gkxx_0,the tall man,Mexico,"$142,808"
364,tt1658837,31458474,/m/0gkxx_0,the tall man,Peru,"$62,150"
365,tt0368249,2450654,/m/07dzyz,school for seduction,United Kingdom,"$75,128"
366,tt0368249,2450654,/m/07dzyz,school for seduction,New Zealand,"$29,367"
367,tt0079966,6301742,/m/0g0262,sunburn,Domestic,"$2,410,776"
368,tt1174042,33090868,/m/0cj7gwd,the myth of the american sleepover,Original Release,Domestic
369,tt1174042,33090868,/m/0cj7gwd,the myth of the american sleepover,2012 Re-release,United Kingdom
370,tt1174042,33090868,/m/0cj7gwd,the myth of the american sleepover,Domestic,"$41,045"
371,tt1174042,33090868,/m/0cj7gwd,the myth of the american sleepover,United Kingdom,$597
372,tt0115886,6040862,/m/0fm079,children of the revolution,Domestic,"$838,368"
373,tt0091051,5501911,/m/0dpq8z,a fine mess,Domestic,"$6,029,824"
374,tt0448157,20926377,/m/02vrgnr,hancock,Domestic,"$227,946,274"
375,tt0448157,20926377,/m/02vrgnr,hancock,United Kingdom,"$49,170,891"
376,tt0448157,20926377,/m/02vrgnr,hancock,Germany,"$39,008,160"
377,tt0448157,20926377,/m/02vrgnr,hancock,France,"$30,812,606"
378,tt0448157,20926377,/m/02vrgnr,hancock,Spain,"$26,259,302"
379,tt0448157,20926377,/m/02vrgnr,hancock,Italy,"$17,819,261"
380,tt0448157,20926377,/m/02vrgnr,hancock,Netherlands,"$5,110,245"
381,tt0448157,20926377,/m/02vrgnr,hancock,Austria,"$4,905,118"
382,tt0448157,20926377,/m/02vrgnr,hancock,Switzerland,"$4,741,300"
383,tt0448157,20926377,/m/02vrgnr,hancock,Belgium,"$4,227,894"
384,tt0448157,20926377,/m/02vrgnr,hancock,Switzerland (German),"$3,857,045"
385,tt0448157,20926377,/m/02vrgnr,hancock,Denmark,"$3,764,080"
386,tt0448157,20926377,/m/02vrgnr,hancock,Poland,"$3,461,043"
387,tt0448157,20926377,/m/02vrgnr,hancock,Sweden,"$2,968,082"
388,tt0448157,20926377,/m/02vrgnr,hancock,Norway,"$2,664,422"
389,tt0448157,20926377,/m/02vrgnr,hancock,Ukraine,"$2,145,629"
390,tt0448157,20926377,/m/02vrgnr,hancock,South Africa,"$2,136,299"
391,tt0448157,20926377,/m/02vrgnr,hancock,United Arab Emirates,"$1,953,040"
392,tt0448157,20926377,/m/02vrgnr,hancock,Portugal,"$1,810,955"
393,tt0448157,20926377,/m/02vrgnr,hancock,Israel,"$1,781,170"
394,tt0448157,20926377,/m/02vrgnr,hancock,Türkiye,"$1,730,394"
395,tt0448157,20926377,/m/02vrgnr,hancock,Greece and Cyprus,"$1,629,636"
396,tt0448157,20926377,/m/02vrgnr,hancock,Greece,"$1,541,283"
397,tt0448157,20926377,/m/02vrgnr,hancock,Hungary,"$1,264,422"
398,tt0448157,20926377,/m/02vrgnr,hancock,Finland,"$1,225,648"
399,tt0448157,20926377,/m/02vrgnr,hancock,Switzerland (French),"$1,136,058"
400,tt0448157,20926377,/m/02vrgnr,hancock,Czech Republic,"$1,107,777"
401,tt0448157,20926377,/m/02vrgnr,hancock,Kuwait,"$708,772"
402,tt0448157,20926377,/m/02vrgnr,hancock,Romania,"$549,077"
403,tt0448157,20926377,/m/02vrgnr,hancock,Egypt,"$510,673"
404,tt0448157,20926377,/m/02vrgnr,hancock,Lithuania,"$362,979"
405,tt0448157,20926377,/m/02vrgnr,hancock,Slovenia,"$362,060"
406,tt0448157,20926377,/m/02vrgnr,hancock,Bulgaria,"$356,157"
407,tt0448157,20926377,/m/02vrgnr,hancock,Bahrain,"$355,317"
408,tt0448157,20926377,/m/02vrgnr,hancock,Slovakia,"$329,279"
409,tt0448157,20926377,/m/02vrgnr,hancock,Croatia,"$312,872"
410,tt0448157,20926377,/m/02vrgnr,hancock,Latvia,"$294,134"
411,tt0448157,20926377,/m/02vrgnr,hancock,Iceland,"$265,252"
412,tt0448157,20926377,/m/02vrgnr,hancock,Jordan,"$254,921"
413,tt0448157,20926377,/m/02vrgnr,hancock,Estonia,"$252,185"
414,tt0448157,20926377,/m/02vrgnr,hancock,Qatar,"$248,661"
415,tt0448157,20926377,/m/02vrgnr,hancock,Lebanon,"$239,491"
416,tt0448157,20926377,/m/02vrgnr,hancock,Nigeria,"$187,303"
417,tt0448157,20926377,/m/02vrgnr,hancock,East Africa,"$138,321"
418,tt0448157,20926377,/m/02vrgnr,hancock,Switzerland (Italian),"$101,547"
419,tt0448157,20926377,/m/02vrgnr,hancock,Serbia and Montenegro,"$88,370"
420,tt0448157,20926377,/m/02vrgnr,hancock,Oman,"$87,702"
421,tt0448157,20926377,/m/02vrgnr,hancock,Ethiopia,"$26,725"
422,tt0448157,20926377,/m/02vrgnr,hancock,Mexico,"$14,177,721"
423,tt0448157,20926377,/m/02vrgnr,hancock,Brazil,"$13,649,504"
424,tt0448157,20926377,/m/02vrgnr,hancock,Venezuela,"$3,603,410"
425,tt0448157,20926377,/m/02vrgnr,hancock,Colombia,"$2,583,492"
426,tt0448157,20926377,/m/02vrgnr,hancock,Argentina,"$2,309,663"
427,tt0448157,20926377,/m/02vrgnr,hancock,Central America,"$1,632,180"
428,tt0448157,20926377,/m/02vrgnr,hancock,Chile,"$1,390,087"
429,tt0448157,20926377,/m/02vrgnr,hancock,Peru,"$1,383,075"
430,tt0448157,20926377,/m/02vrgnr,hancock,Ecuador,"$802,492"
431,tt0448157,20926377,/m/02vrgnr,hancock,Lesser Antilles,"$350,930"
432,tt0448157,20926377,/m/02vrgnr,hancock,Uruguay,"$298,783"
433,tt0448157,20926377,/m/02vrgnr,hancock,Dominican Republic,"$258,982"
434,tt0448157,20926377,/m/02vrgnr,hancock,Bolivia,"$193,032"
435,tt0448157,20926377,/m/02vrgnr,hancock,Jamaica,"$190,412"
436,tt0448157,20926377,/m/02vrgnr,hancock,Aruba,"$81,212"
437,tt0448157,20926377,/m/02vrgnr,hancock,Curaçao,"$81,114"
438,tt0448157,20926377,/m/02vrgnr,hancock,Japan,"$28,713,223"
439,tt0448157,20926377,/m/02vrgnr,hancock,Russia/CIS,"$26,059,966"
440,tt0448157,20926377,/m/02vrgnr,hancock,Australia,"$19,636,856"
441,tt0448157,20926377,/m/02vrgnr,hancock,South Korea,"$17,387,872"
442,tt0448157,20926377,/m/02vrgnr,hancock,India,"$5,467,967"
443,tt0448157,20926377,/m/02vrgnr,hancock,Taiwan,"$5,295,890"
444,tt0448157,20926377,/m/02vrgnr,hancock,Hong Kong,"$3,143,626"
445,tt0448157,20926377,/m/02vrgnr,hancock,New Zealand,"$2,956,184"
446,tt0448157,20926377,/m/02vrgnr,hancock,Thailand,"$2,652,118"
447,tt0448157,20926377,/m/02vrgnr,hancock,Malaysia,"$2,298,883"
448,tt0448157,20926377,/m/02vrgnr,hancock,Philippines,"$2,147,433"
449,tt0448157,20926377,/m/02vrgnr,hancock,Singapore,"$1,934,354"
450,tt0448157,20926377,/m/02vrgnr,hancock,Indonesia,"$1,662,556"
451,tt0448157,20926377,/m/02vrgnr,hancock,Vietnam,"$187,266"
452,tt0448157,20926377,/m/02vrgnr,hancock,China,"$14,703,313"
453,tt1323576,15205867,/m/03hltz2,khalass,Lebanon,"$1,171"
454,tt0120151,26253096,/m/0b77v3j,a smile like yours,Domestic,"$3,330,352"
455,tt0478116,10565046,/m/02qhy0s,china blue,Domestic,"$12,185"
456,tt0098663,936196,/m/03rjkb,the wizard,Domestic,"$14,278,900"
457,tt0321494,28417976,/m/047n8hd,bollywood queen,United Kingdom,"$45,343"
458,tt0321494,28417976,/m/047n8hd,bollywood queen,Bulgaria,"$3,487"
459,tt1431181,26608129,/m/0bh8drv,another year,Domestic,"$3,205,706"
460,tt1431181,26608129,/m/0bh8drv,another year,France,"$2,939,528"
461,tt1431181,26608129,/m/0bh8drv,another year,United Kingdom,"$2,770,445"
462,tt1431181,26608129,/m/0bh8drv,another year,Germany,"$1,213,689"
463,tt1431181,26608129,/m/0bh8drv,another year,Italy,"$1,188,074"
464,tt1431181,26608129,/m/0bh8drv,another year,Norway,"$932,765"
465,tt1431181,26608129,/m/0bh8drv,another year,Spain,"$744,256"
466,tt1431181,26608129,/m/0bh8drv,another year,Netherlands,"$586,788"
467,tt1431181,26608129,/m/0bh8drv,another year,Finland,"$415,696"
468,tt1431181,26608129,/m/0bh8drv,another year,Switzerland,"$388,595"
469,tt1431181,26608129,/m/0bh8drv,another year,Belgium,"$378,798"
470,tt1431181,26608129,/m/0bh8drv,another year,Denmark,"$252,501"
471,tt1431181,26608129,/m/0bh8drv,another year,Sweden,"$198,049"
472,tt1431181,26608129,/m/0bh8drv,another year,Greece,"$173,109"
473,tt1431181,26608129,/m/0bh8drv,another year,Austria,"$153,206"
474,tt1431181,26608129,/m/0bh8drv,another year,Portugal,"$62,510"
475,tt1431181,26608129,/m/0bh8drv,another year,South Africa,"$62,237"
476,tt1431181,26608129,/m/0bh8drv,another year,Türkiye,"$23,767"
477,tt1431181,26608129,/m/0bh8drv,another year,Romania,"$7,737"
478,tt1431181,26608129,/m/0bh8drv,another year,Czech Republic,"$7,305"
479,tt1431181,26608129,/m/0bh8drv,another year,Argentina,"$82,659"
480,tt1431181,26608129,/m/0bh8drv,another year,Mexico,"$56,173"
481,tt1431181,26608129,/m/0bh8drv,another year,Colombia,"$50,565"
482,tt1431181,26608129,/m/0bh8drv,another year,Uruguay,"$22,276"
483,tt1431181,26608129,/m/0bh8drv,another year,Peru,"$15,805"
484,tt1431181,26608129,/m/0bh8drv,another year,Australia,"$793,440"
485,tt1431181,26608129,/m/0bh8drv,another year,New Zealand,"$282,410"
486,tt1431181,26608129,/m/0bh8drv,another year,South Korea,"$121,401"
487,tt1431181,26608129,/m/0bh8drv,another year,Russia/CIS,"$38,455"
488,tt1431181,26608129,/m/0bh8drv,another year,Hong Kong,"$29,057"
489,tt0096289,18118679,/m/04y663q,torch song trilogy,Original Release,Domestic
490,tt0096289,18118679,/m/04y663q,torch song trilogy,2009 Re-release,France
491,tt0096289,18118679,/m/04y663q,torch song trilogy,Domestic,"$4,865,997"
492,tt0096289,18118679,/m/04y663q,torch song trilogy,France,"$2,453"
493,tt0101523,2091940,/m/06lks5,the butcher's wife,Domestic,"$9,689,816"
494,tt0314676,859556,/m/03h_yy,the singing detective,Domestic,"$337,174"
495,tt0314676,859556,/m/03h_yy,the singing detective,United Kingdom,"$42,116"
496,tt0314676,859556,/m/03h_yy,the singing detective,Spain,"$31,567"
497,tt0314676,859556,/m/03h_yy,the singing detective,Australia,"$24,768"
498,tt0289879,454208,/m/02bg55,the butterfly effect,Domestic,"$57,938,693"
499,tt0289879,454208,/m/02bg55,the butterfly effect,France,"$4,174,704"
500,tt0289879,454208,/m/02bg55,the butterfly effect,United Kingdom,"$3,868,369"
501,tt0289879,454208,/m/02bg55,the butterfly effect,Spain,"$3,609,326"
502,tt0289879,454208,/m/02bg55,the butterfly effect,Germany,"$2,976,108"
503,tt0289879,454208,/m/02bg55,the butterfly effect,Austria,"$900,798"
504,tt0289879,454208,/m/02bg55,the butterfly effect,Italy,"$833,112"
505,tt0289879,454208,/m/02bg55,the butterfly effect,Türkiye,"$702,587"
506,tt0289879,454208,/m/02bg55,the butterfly effect,Belgium,"$672,692"
507,tt0289879,454208,/m/02bg55,the butterfly effect,Sweden,"$485,634"
508,tt0289879,454208,/m/02bg55,the butterfly effect,South Africa,"$334,397"
509,tt0289879,454208,/m/02bg55,the butterfly effect,Netherlands,"$334,069"
510,tt0289879,454208,/m/02bg55,the butterfly effect,Greece,"$256,000"
511,tt0289879,454208,/m/02bg55,the butterfly effect,Poland,"$222,854"
512,tt0289879,454208,/m/02bg55,the butterfly effect,United Arab Emirates,"$129,100"
513,tt0289879,454208,/m/02bg55,the butterfly effect,Middle East,"$129,004"
514,tt0289879,454208,/m/02bg55,the butterfly effect,Finland,"$105,405"
515,tt0289879,454208,/m/02bg55,the butterfly effect,Denmark,"$68,753"
516,tt0289879,454208,/m/02bg55,the butterfly effect,Portugal,"$63,607"
517,tt0289879,454208,/m/02bg55,the butterfly effect,Bulgaria,"$48,687"
518,tt0289879,454208,/m/02bg55,the butterfly effect,Iceland,"$36,241"
519,tt0289879,454208,/m/02bg55,the butterfly effect,Romania,"$28,816"
520,tt0289879,454208,/m/02bg55,the butterfly effect,Norway,"$23,234"
521,tt0289879,454208,/m/02bg55,the butterfly effect,Egypt,"$19,676"
522,tt0289879,454208,/m/02bg55,the butterfly effect,Lebanon,"$8,399"
523,tt0289879,454208,/m/02bg55,the butterfly effect,Mexico,"$2,680,144"
524,tt0289879,454208,/m/02bg55,the butterfly effect,Brazil,"$900,000"
525,tt0289879,454208,/m/02bg55,the butterfly effect,Puerto Rico,"$503,476"
526,tt0289879,454208,/m/02bg55,the butterfly effect,Chile,"$233,312"
527,tt0289879,454208,/m/02bg55,the butterfly effect,Argentina,"$123,934"
528,tt0289879,454208,/m/02bg55,the butterfly effect,South Korea,"$7,104,096"
529,tt0289879,454208,/m/02bg55,the butterfly effect,Australia,"$3,650,075"
530,tt0289879,454208,/m/02bg55,the butterfly effect,Taiwan,"$1,523,827"
531,tt0289879,454208,/m/02bg55,the butterfly effect,Russia/CIS,"$697,345"
532,tt0289879,454208,/m/02bg55,the butterfly effect,Japan,"$375,119"
533,tt0289879,454208,/m/02bg55,the butterfly effect,New Zealand,"$313,193"
534,tt0289879,454208,/m/02bg55,the butterfly effect,Singapore,"$275,937"
535,tt0289879,454208,/m/02bg55,the butterfly effect,Thailand,"$199,132"
536,tt0289879,454208,/m/02bg55,the butterfly effect,Philippines,"$140,525"
537,tt0289879,454208,/m/02bg55,the butterfly effect,Indonesia,"$71,731"
538,tt0289879,454208,/m/02bg55,the butterfly effect,Hong Kong,"$60,310"
539,tt0186151,531747,/m/02m7m1,frequency,Domestic,"$45,010,278"
540,tt0107322,1158236,/m/04c4fd,king of the hill,Domestic,"$1,214,231"
541,tt1069259,10422272,/m/02qcj_z,jangan pandang belakang,Original Release,APAC
542,tt1069259,10422272,/m/02qcj_z,jangan pandang belakang,2010 Re-release,Taiwan
543,tt1069259,10422272,/m/02qcj_z,jangan pandang belakang,Malaysia,"$1,828,244"
544,tt1069259,10422272,/m/02qcj_z,jangan pandang belakang,Singapore,"$240,825"
545,tt1069259,10422272,/m/02qcj_z,jangan pandang belakang,Taiwan,"$28,062"
546,tt1069259,10422272,/m/02qcj_z,jangan pandang belakang,Philippines,"$19,748"
547,tt0429493,16578764,/m/07_k0c0,the a-team,Domestic,"$77,222,099"
548,tt0429493,16578764,/m/07_k0c0,the a-team,United Kingdom,"$15,281,498"
549,tt0429493,16578764,/m/07_k0c0,the a-team,France,"$9,138,205"
550,tt0429493,16578764,/m/07_k0c0,the a-team,Germany,"$6,654,822"
551,tt0429493,16578764,/m/07_k0c0,the a-team,Spain,"$3,573,930"
552,tt0429493,16578764,/m/07_k0c0,the a-team,Italy,"$3,143,928"
553,tt0429493,16578764,/m/07_k0c0,the a-team,Netherlands,"$1,553,398"
554,tt0429493,16578764,/m/07_k0c0,the a-team,Norway,"$1,395,494"
555,tt0429493,16578764,/m/07_k0c0,the a-team,Sweden,"$1,232,685"
556,tt0429493,16578764,/m/07_k0c0,the a-team,Belgium,"$1,180,013"
557,tt0429493,16578764,/m/07_k0c0,the a-team,Denmark,"$995,109"
558,tt0429493,16578764,/m/07_k0c0,the a-team,United Arab Emirates,"$978,841"
559,tt0429493,16578764,/m/07_k0c0,the a-team,Austria,"$873,867"
560,tt0429493,16578764,/m/07_k0c0,the a-team,South Africa,"$665,795"
561,tt0429493,16578764,/m/07_k0c0,the a-team,Poland,"$487,420"
562,tt0429493,16578764,/m/07_k0c0,the a-team,Türkiye,"$461,040"
563,tt0429493,16578764,/m/07_k0c0,the a-team,Finland,"$433,328"
564,tt0429493,16578764,/m/07_k0c0,the a-team,Portugal,"$427,146"
565,tt0429493,16578764,/m/07_k0c0,the a-team,Greece,"$320,721"
566,tt0429493,16578764,/m/07_k0c0,the a-team,Ukraine,"$229,298"
567,tt0429493,16578764,/m/07_k0c0,the a-team,Israel,"$197,783"
568,tt0429493,16578764,/m/07_k0c0,the a-team,Romania,"$146,626"
569,tt0429493,16578764,/m/07_k0c0,the a-team,Czech Republic,"$134,201"
570,tt0429493,16578764,/m/07_k0c0,the a-team,Bulgaria,"$133,293"
571,tt0429493,16578764,/m/07_k0c0,the a-team,Egypt,"$110,507"
572,tt0429493,16578764,/m/07_k0c0,the a-team,Iceland,"$103,365"
573,tt0429493,16578764,/m/07_k0c0,the a-team,Hungary,"$99,222"
574,tt0429493,16578764,/m/07_k0c0,the a-team,Estonia,"$80,899"
575,tt0429493,16578764,/m/07_k0c0,the a-team,Lebanon,"$80,460"
576,tt0429493,16578764,/m/07_k0c0,the a-team,Slovenia,"$58,921"
577,tt0429493,16578764,/m/07_k0c0,the a-team,Lithuania,"$49,732"
578,tt0429493,16578764,/m/07_k0c0,the a-team,Bahrain,"$49,676"
579,tt0429493,16578764,/m/07_k0c0,the a-team,Latvia,"$44,825"
580,tt0429493,16578764,/m/07_k0c0,the a-team,Nigeria,"$40,703"
581,tt0429493,16578764,/m/07_k0c0,the a-team,Croatia,"$28,169"
582,tt0429493,16578764,/m/07_k0c0,the a-team,East Africa,"$25,579"
583,tt0429493,16578764,/m/07_k0c0,the a-team,Serbia and Montenegro,"$10,636"
584,tt0429493,16578764,/m/07_k0c0,the a-team,Mexico,"$2,239,204"
585,tt0429493,16578764,/m/07_k0c0,the a-team,Brazil,"$2,139,275"
586,tt0429493,16578764,/m/07_k0c0,the a-team,Colombia,"$825,969"
587,tt0429493,16578764,/m/07_k0c0,the a-team,Venezuela,"$624,787"
588,tt0429493,16578764,/m/07_k0c0,the a-team,Peru,"$390,906"
589,tt0429493,16578764,/m/07_k0c0,the a-team,Argentina,"$325,161"
590,tt0429493,16578764,/m/07_k0c0,the a-team,Ecuador,"$171,293"
591,tt0429493,16578764,/m/07_k0c0,the a-team,Chile,"$101,495"
592,tt0429493,16578764,/m/07_k0c0,the a-team,Bolivia,"$49,300"
593,tt0429493,16578764,/m/07_k0c0,the a-team,Uruguay,"$35,758"
594,tt0429493,16578764,/m/07_k0c0,the a-team,Australia,"$8,504,538"
595,tt0429493,16578764,/m/07_k0c0,the a-team,Japan,"$7,722,836"
596,tt0429493,16578764,/m/07_k0c0,the a-team,South Korea,"$4,894,959"
597,tt0429493,16578764,/m/07_k0c0,the a-team,Russia/CIS,"$3,728,526"
598,tt0429493,16578764,/m/07_k0c0,the a-team,Malaysia,"$1,602,565"
599,tt0429493,16578764,/m/07_k0c0,the a-team,Taiwan,"$1,556,685"
600,tt0429493,16578764,/m/07_k0c0,the a-team,New Zealand,"$1,510,501"
601,tt0429493,16578764,/m/07_k0c0,the a-team,Hong Kong,"$1,480,139"
602,tt0429493,16578764,/m/07_k0c0,the a-team,Indonesia,"$1,474,327"
603,tt0429493,16578764,/m/07_k0c0,the a-team,Singapore,"$1,135,166"
604,tt0429493,16578764,/m/07_k0c0,the a-team,Thailand,"$752,069"
605,tt0429493,16578764,/m/07_k0c0,the a-team,Philippines,"$703,345"
606,tt1268799,31422455,/m/0dkc35r,a very harold & kumar 3d christmas,Domestic,"$35,061,031"
607,tt1268799,31422455,/m/0dkc35r,a very harold & kumar 3d christmas,United Kingdom,"$900,984"
608,tt1268799,31422455,/m/0dkc35r,a very harold & kumar 3d christmas,United Arab Emirates,"$135,105"
609,tt1268799,31422455,/m/0dkc35r,a very harold & kumar 3d christmas,Iceland,"$85,735"
610,tt1268799,31422455,/m/0dkc35r,a very harold & kumar 3d christmas,Lebanon,"$9,920"
611,tt0365737,2392280,/m/078sj4,syriana,Domestic,"$50,824,620"
612,tt0365737,2392280,/m/078sj4,syriana,United Kingdom,"$7,162,144"
613,tt0365737,2392280,/m/078sj4,syriana,Germany,"$4,433,699"
614,tt0365737,2392280,/m/078sj4,syriana,Italy,"$4,340,039"
615,tt0365737,2392280,/m/078sj4,syriana,France,"$3,775,479"
616,tt0365737,2392280,/m/078sj4,syriana,Spain,"$3,702,318"
617,tt0365737,2392280,/m/078sj4,syriana,Greece,"$1,520,550"
618,tt0365737,2392280,/m/078sj4,syriana,Switzerland,"$1,072,911"
619,tt0365737,2392280,/m/078sj4,syriana,Belgium,"$999,799"
620,tt0365737,2392280,/m/078sj4,syriana,Denmark,"$798,165"
621,tt0365737,2392280,/m/078sj4,syriana,Netherlands,"$719,433"
622,tt0365737,2392280,/m/078sj4,syriana,Austria,"$648,989"
623,tt0365737,2392280,/m/078sj4,syriana,Norway,"$544,484"
624,tt0365737,2392280,/m/078sj4,syriana,Sweden,"$527,871"
625,tt0365737,2392280,/m/078sj4,syriana,Türkiye,"$483,413"
626,tt0365737,2392280,/m/078sj4,syriana,South Africa,"$254,564"
627,tt0365737,2392280,/m/078sj4,syriana,Poland,"$184,070"
628,tt0365737,2392280,/m/078sj4,syriana,Finland,"$137,746"
629,tt0365737,2392280,/m/078sj4,syriana,United Arab Emirates,"$124,228"
630,tt0365737,2392280,/m/078sj4,syriana,Egypt,"$103,266"
631,tt0365737,2392280,/m/078sj4,syriana,Portugal,"$94,300"
632,tt0365737,2392280,/m/078sj4,syriana,Czech Republic,"$75,973"
633,tt0365737,2392280,/m/078sj4,syriana,Bulgaria,"$59,760"
634,tt0365737,2392280,/m/078sj4,syriana,Iceland,"$53,489"
635,tt0365737,2392280,/m/078sj4,syriana,Romania,"$45,140"
636,tt0365737,2392280,/m/078sj4,syriana,Slovakia,"$27,625"
637,tt0365737,2392280,/m/078sj4,syriana,Serbia and Montenegro,"$26,007"
638,tt0365737,2392280,/m/078sj4,syriana,Brazil,"$696,510"
639,tt0365737,2392280,/m/078sj4,syriana,Mexico,"$640,452"
640,tt0365737,2392280,/m/078sj4,syriana,Argentina,"$380,116"
641,tt0365737,2392280,/m/078sj4,syriana,Chile,"$89,497"
642,tt0365737,2392280,/m/078sj4,syriana,Australia,"$2,844,996"
643,tt0365737,2392280,/m/078sj4,syriana,Japan,"$1,400,000"
644,tt0365737,2392280,/m/078sj4,syriana,South Korea,"$544,451"
645,tt0365737,2392280,/m/078sj4,syriana,Taiwan,"$489,883"
646,tt0365737,2392280,/m/078sj4,syriana,Russia/CIS,"$279,830"
647,tt0365737,2392280,/m/078sj4,syriana,New Zealand,"$187,732"
648,tt0365737,2392280,/m/078sj4,syriana,Hong Kong,"$135,356"
649,tt1157668,19649217,/m/04n58cx,kicking it,Domestic,"$13,266"
650,tt0429153,17423555,/m/04j0rg6,tara road,United Kingdom,"$509,806"
651,tt0429153,17423555,/m/04j0rg6,tara road,Spain,"$169,842"
652,tt0429153,17423555,/m/04j0rg6,tara road,Netherlands,"$26,994"
653,tt0429153,17423555,/m/04j0rg6,tara road,Portugal,"$18,983"
654,tt0429153,17423555,/m/04j0rg6,tara road,New Zealand,"$150,273"
655,tt0139668,3312138,/m/094zrc,true crime,Domestic,"$16,649,768"
656,tt1612774,28084941,/m/0cmdmfw,rubber,Domestic,"$100,370"
657,tt1612774,28084941,/m/0cmdmfw,rubber,United Kingdom,"$1,359"
658,tt1535467,25222513,/m/09gkl74,patiala house,United Kingdom,"$1,137,174"
659,tt1535467,25222513,/m/09gkl74,patiala house,India,"$6,100,420"
660,tt1535467,25222513,/m/09gkl74,patiala house,Malaysia,"$36,774"
661,tt1535467,25222513,/m/09gkl74,patiala house,New Zealand,"$24,547"
662,tt0386741,4408863,/m/0c0pwb,renaissance,Domestic,"$70,644"
663,tt0386741,4408863,/m/0c0pwb,renaissance,France,"$1,520,587"
664,tt0386741,4408863,/m/0c0pwb,renaissance,United Kingdom,"$132,165"
665,tt0386741,4408863,/m/0c0pwb,renaissance,Türkiye,"$13,150"
666,tt0386741,4408863,/m/0c0pwb,renaissance,Portugal,"$7,658"
667,tt0386741,4408863,/m/0c0pwb,renaissance,Czech Republic,"$3,400"
668,tt0386741,4408863,/m/0c0pwb,renaissance,Brazil,"$10,381"
669,tt0386741,4408863,/m/0c0pwb,renaissance,Australia,"$37,930"
670,tt0386741,4408863,/m/0c0pwb,renaissance,Russia/CIS,"$30,433"
671,tt0386741,4408863,/m/0c0pwb,renaissance,Hong Kong,"$5,000"
672,tt0218533,12679879,/m/02x07d1,pukar,Domestic,"$314,701"
673,tt0438097,2303174,/m/0729rh,ice age: the meltdown,Original Release,72 markets
674,tt0438097,2303174,/m/0729rh,ice age: the meltdown,2014 Re-release,China
675,tt0438097,2303174,/m/0729rh,ice age: the meltdown,Domestic,"$195,330,621"
676,tt0438097,2303174,/m/0729rh,ice age: the meltdown,Germany,"$61,612,046"
677,tt0438097,2303174,/m/0729rh,ice age: the meltdown,United Kingdom,"$52,332,021"
678,tt0438097,2303174,/m/0729rh,ice age: the meltdown,France,"$48,424,106"
679,tt0438097,2303174,/m/0729rh,ice age: the meltdown,Italy,"$25,985,050"
680,tt0438097,2303174,/m/0729rh,ice age: the meltdown,Spain,"$24,248,139"
681,tt0438097,2303174,/m/0729rh,ice age: the meltdown,Switzerland,"$12,019,262"
682,tt0438097,2303174,/m/0729rh,ice age: the meltdown,Austria,"$9,608,821"
683,tt0438097,2303174,/m/0729rh,ice age: the meltdown,Norway,"$9,548,588"
684,tt0438097,2303174,/m/0729rh,ice age: the meltdown,Poland,"$8,497,281"
685,tt0438097,2303174,/m/0729rh,ice age: the meltdown,Belgium,"$8,064,088"
686,tt0438097,2303174,/m/0729rh,ice age: the meltdown,Netherlands,"$7,869,645"
687,tt0438097,2303174,/m/0729rh,ice age: the meltdown,Sweden,"$6,407,088"
688,tt0438097,2303174,/m/0729rh,ice age: the meltdown,Denmark,"$6,246,244"
689,tt0438097,2303174,/m/0729rh,ice age: the meltdown,Türkiye,"$4,774,985"
690,tt0438097,2303174,/m/0729rh,ice age: the meltdown,South Africa,"$3,786,448"
691,tt0438097,2303174,/m/0729rh,ice age: the meltdown,Greece,"$3,573,780"
692,tt0438097,2303174,/m/0729rh,ice age: the meltdown,Czech Republic/Slovakia,"$3,225,752"
693,tt0438097,2303174,/m/0729rh,ice age: the meltdown,Portugal,"$2,655,178"
694,tt0438097,2303174,/m/0729rh,ice age: the meltdown,Czech Republic,"$2,607,497"
695,tt0438097,2303174,/m/0729rh,ice age: the meltdown,Hungary,"$2,458,940"
696,tt0438097,2303174,/m/0729rh,ice age: the meltdown,Finland,"$2,354,072"
697,tt0438097,2303174,/m/0729rh,ice age: the meltdown,Middle East/UAE,"$2,127,601"
698,tt0438097,2303174,/m/0729rh,ice age: the meltdown,Ukraine,"$2,044,542"
699,tt0438097,2303174,/m/0729rh,ice age: the meltdown,Israel,"$1,487,308"
700,tt0438097,2303174,/m/0729rh,ice age: the meltdown,United Arab Emirates,"$1,135,306"
701,tt0438097,2303174,/m/0729rh,ice age: the meltdown,Slovakia,"$771,605"
702,tt0438097,2303174,/m/0729rh,ice age: the meltdown,Lithuania,"$665,174"
703,tt0438097,2303174,/m/0729rh,ice age: the meltdown,Estonia,"$589,668"
704,tt0438097,2303174,/m/0729rh,ice age: the meltdown,Iceland,"$467,230"
705,tt0438097,2303174,/m/0729rh,ice age: the meltdown,Slovenia,"$442,739"
706,tt0438097,2303174,/m/0729rh,ice age: the meltdown,Kuwait,"$419,792"
707,tt0438097,2303174,/m/0729rh,ice age: the meltdown,Romania,"$390,168"
708,tt0438097,2303174,/m/0729rh,ice age: the meltdown,Latvia,"$334,966"
709,tt0438097,2303174,/m/0729rh,ice age: the meltdown,Croatia,"$305,557"
710,tt0438097,2303174,/m/0729rh,ice age: the meltdown,Bulgaria,"$267,492"
711,tt0438097,2303174,/m/0729rh,ice age: the meltdown,Serbia and Montenegro,"$264,338"
712,tt0438097,2303174,/m/0729rh,ice age: the meltdown,Lebanon,"$168,945"
713,tt0438097,2303174,/m/0729rh,ice age: the meltdown,Qatar,"$151,040"
714,tt0438097,2303174,/m/0729rh,ice age: the meltdown,Egypt,"$142,799"
715,tt0438097,2303174,/m/0729rh,ice age: the meltdown,Bahrain,"$137,004"
716,tt0438097,2303174,/m/0729rh,ice age: the meltdown,Oman,"$59,364"
717,tt0438097,2303174,/m/0729rh,ice age: the meltdown,Mexico,"$29,448,504"
718,tt0438097,2303174,/m/0729rh,ice age: the meltdown,Brazil,"$19,909,620"
719,tt0438097,2303174,/m/0729rh,ice age: the meltdown,Argentina,"$6,303,821"
720,tt0438097,2303174,/m/0729rh,ice age: the meltdown,Chile,"$3,679,439"
721,tt0438097,2303174,/m/0729rh,ice age: the meltdown,Colombia,"$3,584,813"
722,tt0438097,2303174,/m/0729rh,ice age: the meltdown,Venezuela,"$3,012,875"
723,tt0438097,2303174,/m/0729rh,ice age: the meltdown,Central America+,"$2,875,037"
724,tt0438097,2303174,/m/0729rh,ice age: the meltdown,Puerto Rico,"$2,803,736"
725,tt0438097,2303174,/m/0729rh,ice age: the meltdown,Peru,"$1,933,008"
726,tt0438097,2303174,/m/0729rh,ice age: the meltdown,Ecuador,"$1,304,410"
727,tt0438097,2303174,/m/0729rh,ice age: the meltdown,Uruguay,"$386,162"
728,tt0438097,2303174,/m/0729rh,ice age: the meltdown,Bolivia,"$326,435"
729,tt0438097,2303174,/m/0729rh,ice age: the meltdown,Dominican Republic,"$259,356"
730,tt0438097,2303174,/m/0729rh,ice age: the meltdown,Lesser Antilles,"$226,231"
731,tt0438097,2303174,/m/0729rh,ice age: the meltdown,Jamaica,"$92,579"
732,tt0438097,2303174,/m/0729rh,ice age: the meltdown,Russia/CIS,"$19,225,522"
733,tt0438097,2303174,/m/0729rh,ice age: the meltdown,Australia,"$18,265,807"
734,tt0438097,2303174,/m/0729rh,ice age: the meltdown,Japan,"$7,954,041"
735,tt0438097,2303174,/m/0729rh,ice age: the meltdown,South Korea,"$5,301,013"
736,tt0438097,2303174,/m/0729rh,ice age: the meltdown,Taiwan,"$3,406,987"
737,tt0438097,2303174,/m/0729rh,ice age: the meltdown,New Zealand,"$2,988,231"
738,tt0438097,2303174,/m/0729rh,ice age: the meltdown,Hong Kong,"$1,945,567"
739,tt0438097,2303174,/m/0729rh,ice age: the meltdown,Philippines,"$1,830,012"
740,tt0438097,2303174,/m/0729rh,ice age: the meltdown,Singapore,"$1,586,040"
741,tt0438097,2303174,/m/0729rh,ice age: the meltdown,Malaysia,"$1,065,708"
742,tt0438097,2303174,/m/0729rh,ice age: the meltdown,Thailand,"$1,032,666"
743,tt0438097,2303174,/m/0729rh,ice age: the meltdown,India,"$971,791"
744,tt0438097,2303174,/m/0729rh,ice age: the meltdown,Indonesia,"$701,259"
745,tt0438097,2303174,/m/0729rh,ice age: the meltdown,Vietnam,"$25,149"
746,tt0438097,2303174,/m/0729rh,ice age: the meltdown,China,"$10,406,409"
747,tt0104187,1596589,/m/05fc8m,encino man,Domestic,"$40,693,477"
748,tt0914837,18986931,/m/04jkjnv,44 inch chest,Original Release,United Kingdom
749,tt0914837,18986931,/m/04jkjnv,44 inch chest,2010 Re-release,"Domestic, EMEA"
750,tt0914837,18986931,/m/04jkjnv,44 inch chest,United Kingdom,"$247,553"
751,tt0914837,18986931,/m/04jkjnv,44 inch chest,Spain,"$7,659"
752,tt0914837,18986931,/m/04jkjnv,44 inch chest,Domestic,"$39,033"
753,tt1239427,21706037,/m/05mw7pn,brothers at war,Domestic,"$153,148"
754,tt1456915,23724252,/m/06w73p3,villa estrella,Philippines,"$966,552"
755,tt0087078,1024501,/m/03_8cd,conan the destroyer,Domestic,"$31,042,035"
756,tt0360216,1836442,/m/05_tmd,the year of the yao,Domestic,"$35,591"
757,tt0360216,1836442,/m/05_tmd,the year of the yao,Australia,"$1,531"
758,tt0360216,1836442,/m/05_tmd,the year of the yao,Taiwan,"$1,463"
759,tt1418760,29071928,/m/0djx6sc,tirza,Netherlands,"$1,666,437"
760,tt1020885,17789399,/m/047g4zk,lesbian vampire killers,United Kingdom,"$2,460,535"
761,tt1020885,17789399,/m/047g4zk,lesbian vampire killers,Portugal,"$78,873"
762,tt1020885,17789399,/m/047g4zk,lesbian vampire killers,Netherlands,"$33,484"
763,tt1020885,17789399,/m/047g4zk,lesbian vampire killers,Croatia,"$8,023"
764,tt1020885,17789399,/m/047g4zk,lesbian vampire killers,Finland,"$5,955"
765,tt1020885,17789399,/m/047g4zk,lesbian vampire killers,Iceland,"$2,302"
766,tt1020885,17789399,/m/047g4zk,lesbian vampire killers,Brazil,"$548,299"
767,tt1020885,17789399,/m/047g4zk,lesbian vampire killers,Australia,"$100,104"
768,tt1020885,17789399,/m/047g4zk,lesbian vampire killers,Singapore,"$23,651"
769,tt1020885,17789399,/m/047g4zk,lesbian vampire killers,New Zealand,"$15,476"
770,tt0089913,1602075,/m/05ft9h,revolution,Domestic,"$358,574"
771,tt0338001,3878666,/m/0b4q50,emile,Domestic,"$5,799"
772,tt0293662,972958,/m/03vnxd,the transporter,Domestic,"$25,296,447"
773,tt0293662,972958,/m/03vnxd,the transporter,France,"$2,713,381"
774,tt0293662,972958,/m/03vnxd,the transporter,Spain,"$2,083,836"
775,tt0293662,972958,/m/03vnxd,the transporter,United Kingdom,"$1,018,447"
776,tt0293662,972958,/m/03vnxd,the transporter,Germany,"$859,125"
777,tt0293662,972958,/m/03vnxd,the transporter,South Africa,"$441,146"
778,tt0293662,972958,/m/03vnxd,the transporter,Hungary,"$385,313"
779,tt0293662,972958,/m/03vnxd,the transporter,Türkiye,"$300,790"
780,tt0293662,972958,/m/03vnxd,the transporter,Austria,"$139,240"
781,tt0293662,972958,/m/03vnxd,the transporter,Poland,"$119,977"
782,tt0293662,972958,/m/03vnxd,the transporter,Czech Republic,"$80,497"
783,tt0293662,972958,/m/03vnxd,the transporter,Bulgaria,"$65,638"
784,tt0293662,972958,/m/03vnxd,the transporter,Italy,"$17,074"
785,tt0293662,972958,/m/03vnxd,the transporter,Egypt,"$6,920"
786,tt0293662,972958,/m/03vnxd,the transporter,Mexico,"$789,531"
787,tt0293662,972958,/m/03vnxd,the transporter,Argentina,"$171,042"
788,tt0293662,972958,/m/03vnxd,the transporter,Brazil,"$120,267"
789,tt0293662,972958,/m/03vnxd,the transporter,Chile,"$45,684"
790,tt0293662,972958,/m/03vnxd,the transporter,Japan,"$2,573,373"
791,tt0293662,972958,/m/03vnxd,the transporter,Russia/CIS,"$1,220,600"
792,tt0293662,972958,/m/03vnxd,the transporter,Australia,"$857,708"
793,tt0293662,972958,/m/03vnxd,the transporter,South Korea,"$349,581"
794,tt0293662,972958,/m/03vnxd,the transporter,Taiwan,"$315,141"
795,tt0293662,972958,/m/03vnxd,the transporter,New Zealand,"$307,089"
796,tt0293662,972958,/m/03vnxd,the transporter,Hong Kong,"$167,424"
797,tt0100330,29018030,/m/0bvdjy4,paper mask,Domestic,"$7,991"
798,tt0041587,80923,/m/0kxg6,a letter to three wives,France,"$14,768"
799,tt0118926,5667692,/m/0dz3lz,the dancer upstairs,Domestic,"$2,377,348"
800,tt0118926,5667692,/m/0dz3lz,the dancer upstairs,United Kingdom,"$584,531"
801,tt0118926,5667692,/m/0dz3lz,the dancer upstairs,Italy,"$344,320"
802,tt0118926,5667692,/m/0dz3lz,the dancer upstairs,France,"$332,479"
803,tt0118926,5667692,/m/0dz3lz,the dancer upstairs,Spain,"$300,628"
804,tt0118926,5667692,/m/0dz3lz,the dancer upstairs,Germany,"$210,874"
805,tt0118926,5667692,/m/0dz3lz,the dancer upstairs,Netherlands,"$5,012"
806,tt0118926,5667692,/m/0dz3lz,the dancer upstairs,Mexico,"$165,733"
807,tt0118926,5667692,/m/0dz3lz,the dancer upstairs,Argentina,"$11,644"
808,tt0118926,5667692,/m/0dz3lz,the dancer upstairs,Chile,"$2,111"
809,tt0118926,5667692,/m/0dz3lz,the dancer upstairs,Australia,"$560,032"
810,tt0118926,5667692,/m/0dz3lz,the dancer upstairs,New Zealand,"$20,651"
811,tt0308347,12643712,/m/02wz99l,haan maine bhi pyaar kiya,United Kingdom,"$395,148"
812,tt0098994,1661980,/m/05lktw,"after dark, my sweet",Domestic,"$2,678,414"
813,tt0080120,1173571,/m/04df4v,the warriors,Original Release,Domestic
814,tt0080120,1173571,/m/04df4v,the warriors,2023 Re-release,Australia
815,tt0080120,1173571,/m/04df4v,the warriors,2021 Re-release,New Zealand
816,tt0080120,1173571,/m/04df4v,the warriors,Domestic,"$22,490,039"
817,tt0080120,1173571,/m/04df4v,the warriors,New Zealand,$432
818,tt0113986,699336,/m/033t6r,nine months,Domestic,"$69,684,532"
819,tt0475627,8398736,/m/02721m8,shikhar,United Kingdom,"$24,334"
820,tt0356159,2645157,/m/07tzyn,hellbent,Domestic,"$183,066"
821,tt0337921,1042309,/m/040ybv,cellular,Domestic,"$32,003,620"
822,tt0337921,1042309,/m/040ybv,cellular,France,"$2,584,033"
823,tt0337921,1042309,/m/040ybv,cellular,United Kingdom,"$1,906,360"
824,tt0337921,1042309,/m/040ybv,cellular,Spain,"$1,804,281"
825,tt0337921,1042309,/m/040ybv,cellular,Germany,"$1,782,495"
826,tt0337921,1042309,/m/040ybv,cellular,Russia,"$900,202"
827,tt0337921,1042309,/m/040ybv,cellular,Austria,"$714,251"
828,tt0337921,1042309,/m/040ybv,cellular,Italy,"$697,707"
829,tt0337921,1042309,/m/040ybv,cellular,Greece,"$695,331"
830,tt0337921,1042309,/m/040ybv,cellular,Belgium,"$694,692"
831,tt0337921,1042309,/m/040ybv,cellular,Israel,"$527,795"
832,tt0337921,1042309,/m/040ybv,cellular,South Africa,"$424,018"
833,tt0337921,1042309,/m/040ybv,cellular,Poland,"$411,320"
834,tt0337921,1042309,/m/040ybv,cellular,Lebanon,"$358,751"
835,tt0337921,1042309,/m/040ybv,cellular,Portugal,"$276,827"
836,tt0337921,1042309,/m/040ybv,cellular,United Arab Emirates,"$234,714"
837,tt0337921,1042309,/m/040ybv,cellular,Netherlands,"$204,088"
838,tt0337921,1042309,/m/040ybv,cellular,Norway,"$144,144"
839,tt0337921,1042309,/m/040ybv,cellular,Denmark,"$115,666"
840,tt0337921,1042309,/m/040ybv,cellular,Hungary,"$106,624"
841,tt0337921,1042309,/m/040ybv,cellular,Ukraine,"$103,193"
842,tt0337921,1042309,/m/040ybv,cellular,Baltic States,"$90,794"
843,tt0337921,1042309,/m/040ybv,cellular,Bulgaria,"$87,511"
844,tt0337921,1042309,/m/040ybv,cellular,Romania,"$74,026"
845,tt0337921,1042309,/m/040ybv,cellular,Slovenia,"$68,614"
846,tt0337921,1042309,/m/040ybv,cellular,Finland,"$65,721"
847,tt0337921,1042309,/m/040ybv,cellular,Switzerland,"$58,123"
848,tt0337921,1042309,/m/040ybv,cellular,Egypt,"$53,139"
849,tt0337921,1042309,/m/040ybv,cellular,Czech Republic,"$43,060"
850,tt0337921,1042309,/m/040ybv,cellular,Iceland,"$31,255"
851,tt0337921,1042309,/m/040ybv,cellular,Serbia and Montenegro,"$28,660"
852,tt0337921,1042309,/m/040ybv,cellular,Croatia,"$11,940"
853,tt0337921,1042309,/m/040ybv,cellular,Mexico,"$2,342,012"
854,tt0337921,1042309,/m/040ybv,cellular,Brazil,"$1,408,165"
855,tt0337921,1042309,/m/040ybv,cellular,Argentina,"$588,371"
856,tt0337921,1042309,/m/040ybv,cellular,Venezuela,"$553,982"
857,tt0337921,1042309,/m/040ybv,cellular,Puerto Rico,"$443,000"
858,tt0337921,1042309,/m/040ybv,cellular,Colombia,"$242,291"
859,tt0337921,1042309,/m/040ybv,cellular,Central America+,"$227,122"
860,tt0337921,1042309,/m/040ybv,cellular,Chile,"$105,749"
861,tt0337921,1042309,/m/040ybv,cellular,Peru,"$95,127"
862,tt0337921,1042309,/m/040ybv,cellular,Bolivia,"$20,691"
863,tt0337921,1042309,/m/040ybv,cellular,Japan,"$1,033,301"
864,tt0337921,1042309,/m/040ybv,cellular,Australia,"$877,337"
865,tt0337921,1042309,/m/040ybv,cellular,Russia/CIS,"$817,868"
866,tt0337921,1042309,/m/040ybv,cellular,Taiwan,"$585,113"
867,tt0337921,1042309,/m/040ybv,cellular,Philippines,"$263,438"
868,tt0337921,1042309,/m/040ybv,cellular,Thailand,"$248,126"
869,tt0337921,1042309,/m/040ybv,cellular,Singapore,"$230,932"
870,tt0337921,1042309,/m/040ybv,cellular,Indonesia,"$153,337"
871,tt0337921,1042309,/m/040ybv,cellular,Hong Kong,"$139,404"
872,tt0381505,2322291,/m/073qj2,pretty persuasion,Domestic,"$305,800"
873,tt0381505,2322291,/m/073qj2,pretty persuasion,United Kingdom,"$74,395"
874,tt0381505,2322291,/m/073qj2,pretty persuasion,Mexico,"$156,931"
875,tt0086450,4057650,/m/0bfy61,to be or not to be,Domestic,"$13,030,214"
876,tt0109352,15687214,/m/03npyfg,a business affair,Domestic,"$7,556"
877,tt0117688,2820120,/m/084s4k,solo,Domestic,"$5,107,669"
878,tt0105811,22056282,/m/05p900w,whispers in the dark,Domestic,"$11,124,511"
879,tt0316954,16950538,/m/04132z_,a+ pollux,France,"$105,414"
880,tt0100530,18577105,/m/04f_3ym,the russia house,Domestic,"$22,997,992"
881,tt0012494,2610460,/m/07rjxf,der mude tod,Domestic,"$12,156"
882,tt0417001,2450370,/m/07dzb3,must love dogs,Domestic,"$43,894,863"
883,tt0417001,2450370,/m/07dzb3,must love dogs,Germany,"$2,627,423"
884,tt0417001,2450370,/m/07dzb3,must love dogs,Austria,"$999,318"
885,tt0417001,2450370,/m/07dzb3,must love dogs,Spain,"$667,406"
886,tt0417001,2450370,/m/07dzb3,must love dogs,United Kingdom,"$534,530"
887,tt0417001,2450370,/m/07dzb3,must love dogs,South Africa,"$405,235"
888,tt0417001,2450370,/m/07dzb3,must love dogs,Switzerland,"$294,934"
889,tt0417001,2450370,/m/07dzb3,must love dogs,Italy,"$286,136"
890,tt0417001,2450370,/m/07dzb3,must love dogs,Poland,"$246,609"
891,tt0417001,2450370,/m/07dzb3,must love dogs,Portugal,"$238,988"
892,tt0417001,2450370,/m/07dzb3,must love dogs,Türkiye,"$219,967"
893,tt0417001,2450370,/m/07dzb3,must love dogs,Netherlands,"$53,800"
894,tt0417001,2450370,/m/07dzb3,must love dogs,Czech Republic,"$52,493"
895,tt0417001,2450370,/m/07dzb3,must love dogs,United Arab Emirates,"$45,189"
896,tt0417001,2450370,/m/07dzb3,must love dogs,Ukraine,"$39,548"
897,tt0417001,2450370,/m/07dzb3,must love dogs,Iceland,"$25,575"
898,tt0417001,2450370,/m/07dzb3,must love dogs,Lebanon,"$12,422"
899,tt0417001,2450370,/m/07dzb3,must love dogs,Serbia and Montenegro,"$12,296"
900,tt0417001,2450370,/m/07dzb3,must love dogs,Finland,"$8,944"
901,tt0417001,2450370,/m/07dzb3,must love dogs,Mexico,"$998,286"
902,tt0417001,2450370,/m/07dzb3,must love dogs,Brazil,"$616,426"
903,tt0417001,2450370,/m/07dzb3,must love dogs,Argentina,"$174,645"
904,tt0417001,2450370,/m/07dzb3,must love dogs,Chile,"$98,475"
905,tt0417001,2450370,/m/07dzb3,must love dogs,Australia,"$2,292,019"
906,tt0417001,2450370,/m/07dzb3,must love dogs,Russia/CIS,"$412,278"
907,tt0417001,2450370,/m/07dzb3,must love dogs,New Zealand,"$208,567"
908,tt0417001,2450370,/m/07dzb3,must love dogs,Taiwan,"$157,022"
909,tt0116448,675878,/m/03205n,the great white hype,Domestic,"$8,008,255"
910,tt0109303,3027347,/m/08ljr5,blown away,Domestic,"$30,156,002"
911,tt0090556,8098268,/m/026rcm5,"'night, mother",Domestic,"$441,863"
912,tt1699158,31610321,/m/0crwd94,the legend of pale male,Domestic,"$38,083"
913,tt0270707,5971762,/m/0fhdck,the truth about charlie,Domestic,"$5,350,371"
914,tt0270707,5971762,/m/0fhdck,the truth about charlie,Italy,"$348,869"
915,tt0270707,5971762,/m/0fhdck,the truth about charlie,France,"$323,066"
916,tt0270707,5971762,/m/0fhdck,the truth about charlie,Belgium,"$264,730"
917,tt0270707,5971762,/m/0fhdck,the truth about charlie,United Kingdom,"$109,929"
918,tt0270707,5971762,/m/0fhdck,the truth about charlie,Middle East Other,"$102,795"
919,tt0270707,5971762,/m/0fhdck,the truth about charlie,Spain,"$95,389"
920,tt0270707,5971762,/m/0fhdck,the truth about charlie,Lebanon,"$70,860"
921,tt0270707,5971762,/m/0fhdck,the truth about charlie,South Africa,"$35,825"
922,tt0270707,5971762,/m/0fhdck,the truth about charlie,Egypt,"$6,729"
923,tt0270707,5971762,/m/0fhdck,the truth about charlie,South Korea,"$169,147"
924,tt0270707,5971762,/m/0fhdck,the truth about charlie,Australia,"$23,127"
925,tt0832971,6523148,/m/0g8r_g,vanaja,Domestic,"$161,590"
926,tt0107969,1840870,/m/0603hj,rising sun,Domestic,"$63,179,523"
927,tt1090200,16142004,/m/03wb5g1,encarnacion,Spain,"$32,869"
928,tt1090200,16142004,/m/03wb5g1,encarnacion,Argentina,"$41,526"
929,tt0109254,1138104,/m/049kmb,beverly hills cop iii,Domestic,"$42,614,912"
930,tt0109254,1138104,/m/049kmb,beverly hills cop iii,France,"$14,263,913"
931,tt0109254,1138104,/m/049kmb,beverly hills cop iii,Germany,"$7,298,139"
932,tt0109254,1138104,/m/049kmb,beverly hills cop iii,United Kingdom,"$5,850,519"
933,tt0109254,1138104,/m/049kmb,beverly hills cop iii,Spain,"$2,481,294"
934,tt0109254,1138104,/m/049kmb,beverly hills cop iii,Netherlands,"$2,444,109"
935,tt0109254,1138104,/m/049kmb,beverly hills cop iii,Belgium,"$2,290,095"
936,tt0109254,1138104,/m/049kmb,beverly hills cop iii,Italy,"$2,259,461"
937,tt0109254,1138104,/m/049kmb,beverly hills cop iii,Norway,"$2,249,023"
938,tt0109254,1138104,/m/049kmb,beverly hills cop iii,Switzerland,"$1,654,216"
939,tt0109254,1138104,/m/049kmb,beverly hills cop iii,Denmark,"$1,409,576"
940,tt0109254,1138104,/m/049kmb,beverly hills cop iii,Sweden,"$1,407,125"
941,tt0109254,1138104,/m/049kmb,beverly hills cop iii,Poland,"$1,335,381"
942,tt0109254,1138104,/m/049kmb,beverly hills cop iii,South Africa,"$980,478"
943,tt0109254,1138104,/m/049kmb,beverly hills cop iii,Finland,"$921,506"
944,tt0109254,1138104,/m/049kmb,beverly hills cop iii,Israel,"$693,183"
945,tt0109254,1138104,/m/049kmb,beverly hills cop iii,Austria,"$589,526"
946,tt0109254,1138104,/m/049kmb,beverly hills cop iii,Hungary,"$474,916"
947,tt0109254,1138104,/m/049kmb,beverly hills cop iii,Portugal,"$380,910"
948,tt0109254,1138104,/m/049kmb,beverly hills cop iii,Greece,"$316,261"
949,tt0109254,1138104,/m/049kmb,beverly hills cop iii,Türkiye,"$154,689"
950,tt0109254,1138104,/m/049kmb,beverly hills cop iii,Croatia,"$141,043"
951,tt0109254,1138104,/m/049kmb,beverly hills cop iii,Czech Republic/Slovakia,"$127,276"
952,tt0109254,1138104,/m/049kmb,beverly hills cop iii,Lebanon,"$78,830"
953,tt0109254,1138104,/m/049kmb,beverly hills cop iii,Romania,"$74,382"
954,tt0109254,1138104,/m/049kmb,beverly hills cop iii,Slovenia,"$65,288"
955,tt0109254,1138104,/m/049kmb,beverly hills cop iii,Cyprus,"$28,076"
956,tt0109254,1138104,/m/049kmb,beverly hills cop iii,Bulgaria,"$17,837"
957,tt0109254,1138104,/m/049kmb,beverly hills cop iii,Mexico,"$2,115,024"
958,tt0109254,1138104,/m/049kmb,beverly hills cop iii,Brazil,"$1,871,980"
959,tt0109254,1138104,/m/049kmb,beverly hills cop iii,Argentina,"$548,248"
960,tt0109254,1138104,/m/049kmb,beverly hills cop iii,Colombia,"$467,924"
961,tt0109254,1138104,/m/049kmb,beverly hills cop iii,Central America+,"$233,811"
962,tt0109254,1138104,/m/049kmb,beverly hills cop iii,Peru,"$92,821"
963,tt0109254,1138104,/m/049kmb,beverly hills cop iii,Venezuela,"$81,805"
964,tt0109254,1138104,/m/049kmb,beverly hills cop iii,Dominican Republic,"$64,066"
965,tt0109254,1138104,/m/049kmb,beverly hills cop iii,Chile,"$57,345"
966,tt0109254,1138104,/m/049kmb,beverly hills cop iii,Lesser Antilles,"$35,055"
967,tt0109254,1138104,/m/049kmb,beverly hills cop iii,Ecuador,"$31,763"
968,tt0109254,1138104,/m/049kmb,beverly hills cop iii,Uruguay,"$25,416"
969,tt0109254,1138104,/m/049kmb,beverly hills cop iii,Japan,"$12,339,049"
970,tt0109254,1138104,/m/049kmb,beverly hills cop iii,Australia,"$3,804,832"
971,tt0109254,1138104,/m/049kmb,beverly hills cop iii,Taiwan,"$1,617,169"
972,tt0109254,1138104,/m/049kmb,beverly hills cop iii,Hong Kong,"$554,270"
973,tt0109254,1138104,/m/049kmb,beverly hills cop iii,Singapore,"$542,515"
974,tt0109254,1138104,/m/049kmb,beverly hills cop iii,Indonesia,"$449,635"
975,tt0109254,1138104,/m/049kmb,beverly hills cop iii,South Korea,"$406,319"
976,tt0109254,1138104,/m/049kmb,beverly hills cop iii,Philippines,"$401,426"
977,tt0109254,1138104,/m/049kmb,beverly hills cop iii,Thailand,"$384,972"
978,tt0109254,1138104,/m/049kmb,beverly hills cop iii,New Zealand,"$224,136"
979,tt0454848,3592692,/m/09nl36,inside man,Domestic,"$88,513,495"
980,tt0454848,3592692,/m/09nl36,inside man,United Kingdom,"$14,406,413"
981,tt0454848,3592692,/m/09nl36,inside man,France,"$9,389,586"
982,tt0454848,3592692,/m/09nl36,inside man,Italy,"$9,116,281"
983,tt0454848,3592692,/m/09nl36,inside man,Germany,"$8,992,317"
984,tt0454848,3592692,/m/09nl36,inside man,Spain,"$7,821,983"
985,tt0454848,3592692,/m/09nl36,inside man,Switzerland,"$2,691,256"
986,tt0454848,3592692,/m/09nl36,inside man,Belgium,"$2,335,584"
987,tt0454848,3592692,/m/09nl36,inside man,Netherlands,"$2,216,906"
988,tt0454848,3592692,/m/09nl36,inside man,Greece,"$1,735,200"
989,tt0454848,3592692,/m/09nl36,inside man,Portugal,"$1,496,858"
990,tt0454848,3592692,/m/09nl36,inside man,Austria,"$1,086,553"
991,tt0454848,3592692,/m/09nl36,inside man,Sweden,"$1,050,911"
992,tt0454848,3592692,/m/09nl36,inside man,Poland,"$1,047,295"
993,tt0454848,3592692,/m/09nl36,inside man,Israel,"$830,278"
994,tt0454848,3592692,/m/09nl36,inside man,Middle East Other,"$800,358"
995,tt0454848,3592692,/m/09nl36,inside man,South Africa,"$761,532"
996,tt0454848,3592692,/m/09nl36,inside man,Norway,"$755,204"
997,tt0454848,3592692,/m/09nl36,inside man,Türkiye,"$744,059"
998,tt0454848,3592692,/m/09nl36,inside man,Denmark,"$730,939"
999,tt0454848,3592692,/m/09nl36,inside man,United Arab Emirates,"$494,142"
1000,tt0454848,3592692,/m/09nl36,inside man,Hungary,"$262,713"
1001,tt0454848,3592692,/m/09nl36,inside man,Finland,"$256,658"
1002,tt0454848,3592692,/m/09nl36,inside man,Czech Republic/Slovakia,"$161,267"
1003,tt0454848,3592692,/m/09nl36,inside man,Czech Republic,"$136,009"
1004,tt0454848,3592692,/m/09nl36,inside man,Ukraine,"$110,449"
1005,tt0454848,3592692,/m/09nl36,inside man,Romania,"$101,919"
1006,tt0454848,3592692,/m/09nl36,inside man,Bulgaria,"$100,853"
1007,tt0454848,3592692,/m/09nl36,inside man,Iceland,"$99,014"
1008,tt0454848,3592692,/m/09nl36,inside man,Slovenia,"$77,222"
1009,tt0454848,3592692,/m/09nl36,inside man,Croatia,"$75,107"
1010,tt0454848,3592692,/m/09nl36,inside man,Lebanon,"$73,011"
1011,tt0454848,3592692,/m/09nl36,inside man,Kenya,"$68,739"
1012,tt0454848,3592692,/m/09nl36,inside man,Latvia,"$56,031"
1013,tt0454848,3592692,/m/09nl36,inside man,Slovakia,"$34,194"
1014,tt0454848,3592692,/m/09nl36,inside man,Estonia,"$32,387"
1015,tt0454848,3592692,/m/09nl36,inside man,Egypt,"$27,077"
1016,tt0454848,3592692,/m/09nl36,inside man,Lithuania,"$24,772"
1017,tt0454848,3592692,/m/09nl36,inside man,Cyprus,"$23,936"
1018,tt0454848,3592692,/m/09nl36,inside man,Serbia and Montenegro,"$9,956"
1019,tt0454848,3592692,/m/09nl36,inside man,North Macedonia,"$2,436"
1020,tt0454848,3592692,/m/09nl36,inside man,Brazil,"$3,793,549"
1021,tt0454848,3592692,/m/09nl36,inside man,Mexico,"$3,561,731"
1022,tt0454848,3592692,/m/09nl36,inside man,Argentina,"$1,083,300"
1023,tt0454848,3592692,/m/09nl36,inside man,Venezuela,"$678,997"
1024,tt0454848,3592692,/m/09nl36,inside man,Central America+,"$578,405"
1025,tt0454848,3592692,/m/09nl36,inside man,Colombia,"$448,068"
1026,tt0454848,3592692,/m/09nl36,inside man,Peru,"$215,620"
1027,tt0454848,3592692,/m/09nl36,inside man,Chile,"$160,852"
1028,tt0454848,3592692,/m/09nl36,inside man,Ecuador,"$53,740"
1029,tt0454848,3592692,/m/09nl36,inside man,Australia,"$6,128,072"
1030,tt0454848,3592692,/m/09nl36,inside man,Japan,"$3,463,885"
1031,tt0454848,3592692,/m/09nl36,inside man,South Korea,"$2,050,908"
1032,tt0454848,3592692,/m/09nl36,inside man,Taiwan,"$1,603,225"
1033,tt0454848,3592692,/m/09nl36,inside man,Russia/CIS,"$771,962"
1034,tt0454848,3592692,/m/09nl36,inside man,Hong Kong,"$536,447"
1035,tt0454848,3592692,/m/09nl36,inside man,Thailand,"$466,034"
1036,tt0454848,3592692,/m/09nl36,inside man,Singapore,"$461,319"
1037,tt0454848,3592692,/m/09nl36,inside man,New Zealand,"$445,376"
1038,tt0454848,3592692,/m/09nl36,inside man,Indonesia,"$213,162"
1039,tt0454848,3592692,/m/09nl36,inside man,Philippines,"$196,527"
1040,tt0454848,3592692,/m/09nl36,inside man,Malaysia,"$183,803"
1041,tt0454848,3592692,/m/09nl36,inside man,India,"$157,709"
1042,tt0819800,2787067,/m/082qyg,rough,Japan,"$3,348,722"
1043,tt0819800,2787067,/m/082qyg,rough,Hong Kong,"$31,752"
1044,tt0819800,2787067,/m/082qyg,rough,Thailand,"$2,865"
1045,tt0187078,883432,/m/03ljpk,gone in sixty seconds,Domestic,"$101,648,571"
1046,tt0187078,883432,/m/03ljpk,gone in sixty seconds,Russia/CIS,"$1,420,000"
1047,tt0112818,6707631,/m/0gjk1d,dead man walking,Domestic,"$39,363,635"
1048,tt0079137,35028178,/m/0j62vp8,fast charlie... the moonbeam rider,Domestic,"$444,334"
1049,tt0105017,3147170,/m/08vgjc,noises off...,Domestic,"$2,280,148"
1050,tt0119051,181601,/m/018tmf,the edge,Domestic,"$27,873,386"
1051,tt0477392,6322722,/m/0g0_4m,broken bridges,Domestic,"$252,539"
1052,tt0332285,9447595,/m/02896ry,off the map,Domestic,"$1,317,167"
1053,tt0332285,9447595,/m/02896ry,off the map,Bulgaria,"$2,325"
1054,tt0120390,2472440,/m/07gf00,turbulence,Domestic,"$11,538,235"
1055,tt0408828,18762081,/m/04gj4d3,guy x,United Kingdom,"$40,032"
1056,tt0408828,18762081,/m/04gj4d3,guy x,Romania,"$1,990"
1057,tt1185836,22427855,/m/05zkcsk,adam,Original Release,7 markets
1058,tt1185836,22427855,/m/05zkcsk,adam,2018 Re-release,Iceland
1059,tt1185836,22427855,/m/05zkcsk,adam,Domestic,"$2,277,396"
1060,tt1185836,22427855,/m/05zkcsk,adam,France,"$543,357"
1061,tt1185836,22427855,/m/05zkcsk,adam,United Kingdom,"$110,697"
1062,tt1185836,22427855,/m/05zkcsk,adam,Spain,"$52,039"
1063,tt1185836,22427855,/m/05zkcsk,adam,South Africa,"$28,745"
1064,tt1185836,22427855,/m/05zkcsk,adam,Iceland,"$1,258"
1065,tt1185836,22427855,/m/05zkcsk,adam,Australia,"$15,471"
1066,tt1185836,22427855,/m/05zkcsk,adam,New Zealand,"$8,210"
1067,tt0107920,7094792,/m/0h3x08,raining stones,Original Release,Domestic
1068,tt0107920,7094792,/m/0h3x08,raining stones,1999 Re-release,South Korea
1069,tt0107920,7094792,/m/0h3x08,raining stones,Domestic,"$89,388"
1070,tt0107920,7094792,/m/0h3x08,raining stones,South Korea,$607
1071,tt0217107,9271903,/m/0282j29,trois,Domestic,"$1,161,843"
1072,tt0117998,303933,/m/01s7w3,twister,Original Release,Domestic
1073,tt0117998,303933,/m/01s7w3,twister,2021 Re-release,"Domestic, APAC"
1074,tt0117998,303933,/m/01s7w3,twister,Domestic,"$241,830,615"
1075,tt0945513,25920477,/m/0b6lqyd,source code,Domestic,"$54,712,227"
1076,tt0945513,25920477,/m/0b6lqyd,source code,United Kingdom,"$9,933,594"
1077,tt0945513,25920477,/m/0b6lqyd,source code,France,"$6,556,672"
1078,tt0945513,25920477,/m/0b6lqyd,source code,Spain,"$4,147,621"
1079,tt0945513,25920477,/m/0b6lqyd,source code,Germany,"$3,461,971"
1080,tt0945513,25920477,/m/0b6lqyd,source code,Italy,"$2,718,562"
1081,tt0945513,25920477,/m/0b6lqyd,source code,Netherlands,"$1,195,467"
1082,tt0945513,25920477,/m/0b6lqyd,source code,Poland,"$1,175,982"
1083,tt0945513,25920477,/m/0b6lqyd,source code,Türkiye,"$1,165,884"
1084,tt0945513,25920477,/m/0b6lqyd,source code,Belgium,"$819,506"
1085,tt0945513,25920477,/m/0b6lqyd,source code,United Arab Emirates,"$812,742"
1086,tt0945513,25920477,/m/0b6lqyd,source code,Greece,"$483,327"
1087,tt0945513,25920477,/m/0b6lqyd,source code,Austria,"$434,725"
1088,tt0945513,25920477,/m/0b6lqyd,source code,Sweden,"$393,888"
1089,tt0945513,25920477,/m/0b6lqyd,source code,Norway,"$389,777"
1090,tt0945513,25920477,/m/0b6lqyd,source code,South Africa,"$371,142"
1091,tt0945513,25920477,/m/0b6lqyd,source code,Portugal,"$321,967"
1092,tt0945513,25920477,/m/0b6lqyd,source code,Romania,"$265,063"
1093,tt0945513,25920477,/m/0b6lqyd,source code,Hungary,"$249,153"
1094,tt0945513,25920477,/m/0b6lqyd,source code,Czech Republic,"$230,718"
1095,tt0945513,25920477,/m/0b6lqyd,source code,Finland,"$216,367"
1096,tt0945513,25920477,/m/0b6lqyd,source code,Lebanon,"$171,270"
1097,tt0945513,25920477,/m/0b6lqyd,source code,Ukraine,"$150,936"
1098,tt0945513,25920477,/m/0b6lqyd,source code,Egypt,"$118,448"
1099,tt0945513,25920477,/m/0b6lqyd,source code,Bulgaria,"$106,577"
1100,tt0945513,25920477,/m/0b6lqyd,source code,Croatia,"$64,595"
1101,tt0945513,25920477,/m/0b6lqyd,source code,Latvia,"$62,982"
1102,tt0945513,25920477,/m/0b6lqyd,source code,Slovakia,"$56,296"
1103,tt0945513,25920477,/m/0b6lqyd,source code,Estonia,"$54,898"
1104,tt0945513,25920477,/m/0b6lqyd,source code,Lithuania,"$51,402"
1105,tt0945513,25920477,/m/0b6lqyd,source code,Iceland,"$48,377"
1106,tt0945513,25920477,/m/0b6lqyd,source code,Serbia and Montenegro,"$25,649"
1107,tt0945513,25920477,/m/0b6lqyd,source code,Mexico,"$2,882,091"
1108,tt0945513,25920477,/m/0b6lqyd,source code,Argentina,"$1,271,291"
1109,tt0945513,25920477,/m/0b6lqyd,source code,Venezuela,"$507,898"
1110,tt0945513,25920477,/m/0b6lqyd,source code,Brazil,"$363,346"
1111,tt0945513,25920477,/m/0b6lqyd,source code,Peru,"$344,338"
1112,tt0945513,25920477,/m/0b6lqyd,source code,Chile,"$150,073"
1113,tt0945513,25920477,/m/0b6lqyd,source code,Ecuador,"$64,820"
1114,tt0945513,25920477,/m/0b6lqyd,source code,Uruguay,"$41,375"
1115,tt0945513,25920477,/m/0b6lqyd,source code,South Korea,"$8,966,835"
1116,tt0945513,25920477,/m/0b6lqyd,source code,Australia,"$5,951,576"
1117,tt0945513,25920477,/m/0b6lqyd,source code,Japan,"$5,354,083"
1118,tt0945513,25920477,/m/0b6lqyd,source code,Russia/CIS,"$5,053,622"
1119,tt0945513,25920477,/m/0b6lqyd,source code,Taiwan,"$2,916,077"
1120,tt0945513,25920477,/m/0b6lqyd,source code,Hong Kong,"$1,188,443"
1121,tt0945513,25920477,/m/0b6lqyd,source code,Thailand,"$1,041,559"
1122,tt0945513,25920477,/m/0b6lqyd,source code,New Zealand,"$937,228"
1123,tt0945513,25920477,/m/0b6lqyd,source code,Singapore,"$924,597"
1124,tt0945513,25920477,/m/0b6lqyd,source code,Malaysia,"$661,101"
1125,tt0945513,25920477,/m/0b6lqyd,source code,Philippines,"$278,534"
1126,tt0945513,25920477,/m/0b6lqyd,source code,China,"$10,120,593"
1127,tt0462346,4492078,/m/0c5clj,how to eat fried worms,Domestic,"$13,040,527"
1128,tt0462346,4492078,/m/0c5clj,how to eat fried worms,United Arab Emirates,"$10,879"
1129,tt0462346,4492078,/m/0c5clj,how to eat fried worms,Australia,"$47,590"
1130,tt0150265,5984530,/m/0fj34n,dance craze,United Kingdom,"$97,249"
1131,tt0362048,23252456,/m/065yr3p,malabar princess,France,"$9,112,163"
1132,tt0362048,23252456,/m/065yr3p,malabar princess,Taiwan,"$27,179"
1133,tt0120514,1191380,/m/04f_y7,wilde,Domestic,"$2,158,775"
1134,tt0094898,54540,/m/0f7hw,coming to america,Domestic,"$128,152,301"
1135,tt0087004,1673588,/m/05mc7l,the brother from another planet,Domestic,"$3,677,209"
1136,tt0100666,7761830,/m/0kvgqb,spaced invaders,Domestic,"$15,369,573"
1137,tt0120202,1918494,/m/0660qx,state and main,Domestic,"$6,944,471"
1138,tt0120202,1918494,/m/0660qx,state and main,Italy,"$323,801"
1139,tt0120202,1918494,/m/0660qx,state and main,United Kingdom,"$117,939"
1140,tt0120202,1918494,/m/0660qx,state and main,Denmark,"$13,732"
1141,tt0120202,1918494,/m/0660qx,state and main,Australia,"$385,631"
1142,tt0107057,664006,/m/030xw6,guilty as sin,Domestic,"$22,866,222"
1143,tt1606259,34980460,/m/0g4pl34,knuckle,Domestic,"$2,647"
1144,tt1606259,34980460,/m/0g4pl34,knuckle,United Kingdom,"$22,008"
